"","B_qval","T4_qval","T8_qval","NK_qval","cM_qval","ncM_qval","cDC_qval"
"bioplanet_1164_Gene expression",1.86186576178958,1.13046484305991,0.289473365907494,0.602227978404103,1.52059648856902,2.2789946200632,3.04934579297216
"bioplanet_1431_RANKL regulation of apoptosis and immune response",1.86186576178958,0,0,0.602227978404103,0,1.39791474589988,0
"bioplanet_1413_T cell receptor regulation of apoptosis",1.63817112086772,0.979643373684674,1.86186576178958,0,2.37894788846047,2.17755921709215,2.57511004262523
"bioplanet_816_Protein metabolism",1.63817112086772,0.979643373684674,0.979643373684674,1.13046484305991,0.809090804535772,2.95597901446568,2.86194753824343
"bioplanet_567_Interleukin-5 signaling pathway",1.2686309483204,0,0,0,0,0,0
"bioplanet_632_Kit receptor signaling pathway",1.2686309483204,0,0,0,0,0,0
"bioplanet_671_Androgen receptor signaling, proteolysis, and transcription regulation",1.2686309483204,0,0,0,0,0,0
"bioplanet_1471_Translation",1.13046484305991,1.52059648856902,1.39791474589988,0.602227978404103,1.39791474589988,2.07441944625584,2.2789946200632
"bioplanet_1755_Cytoplasmic ribosomal proteins",1.13046484305991,0.809090804535772,1.63817112086772,0,1.39791474589988,2.2789946200632,1.86186576178958
"bioplanet_1421_Interleukin-2 signaling pathway",0.979643373684674,0,0.809090804535772,1.39791474589988,2.76718142410866,2.95597901446568,3.2343219819478
"bioplanet_1529_Endosomal/vacuolar pathway",0.979643373684674,0,0,0,0,0,0
"bioplanet_452_Insulin signaling pathway",0.979643373684674,0.602227978404103,0,0,0,0,0
"bioplanet_906_Disease",0.979643373684674,0.602227978404103,2.47760214936513,0.289473365907494,2.07441944625584,2.86194753824343,2.2789946200632
"bioplanet_487_Prolactin activation of MAPK signaling",0.809090804535772,0,0,0,0,0.602227978404103,0
"bioplanet_985_Influenza infection",0.809090804535772,0.602227978404103,1.2686309483204,0.809090804535772,1.13046484305991,1.86186576178958,1.96930203749142
"bioplanet_1319_Telomerase regulation",0.602227978404103,0,0,0,0,0,0
"bioplanet_905_Immune system",0.602227978404103,2.07441944625584,0.289473365907494,1.96930203749142,2.76718142410866,2.67160008001128,0.602227978404103
"bioplanet_1000_Platelet adhesion to exposed collagen",0,0,0,0,0,0,0
"bioplanet_1002_Integrin-mediated cell adhesion",0,0,0,0,0,0,0
"bioplanet_1003_Apoptotic cleavage of cell adhesion  proteins",0,0,0,0,0,0,0
"bioplanet_1005_Apoptotic execution  phase",0,0,0,0,0,0,0
"bioplanet_1006_Apoptosis",0,0,0,0,0,0,0.979643373684674
"bioplanet_1007_Apoptotic factor-mediated response",0,0,0,0,0,0,0
"bioplanet_1008_Apoptotic cleavage of cellular proteins",0,0,0,0,0,0,0
"bioplanet_1009_Apoptosis modulation by HSP70",0,0,0,0,0,0,0
"bioplanet_100_Phospholipase C epsilon pathway",0,0,0,0,0,0,0
"bioplanet_1011_Apoptosis regulation",0,0,0,0.289473365907494,0,0,0
"bioplanet_1012_Apoptosis intrinsic pathway",0,0,0,0,0,0,0
"bioplanet_1014_Mitochondrial pathway of apoptosis: antiapoptotic Bcl-2 family",0,0,0,0,0,0,0
"bioplanet_1015_Mitochondrial pathway of apoptosis: multidomain Bcl-2 family",0,0,0,0,0,0,0
"bioplanet_1016_Mitochondrial pathway of apoptosis: BH3-only Bcl-2 family",0,0,0,0,0,0,0
"bioplanet_1017_Mitochondrial pathway of apoptosis: caspases",0,0,0,0,0,0,0
"bioplanet_1019_DCC role in regulating apoptosis",0,0,0,0,0,0,0
"bioplanet_101_Phospholipase C signaling pathway",0,0,0,0,0,0,0
"bioplanet_1021_Activation of DNA fragmentation factor",0,0,0,0,0,0,0
"bioplanet_1022_Caspase-mediated cleavage of cytoskeletal proteins",0,0,0,0,0,0,0
"bioplanet_1023_Inactivation of BCL-2 by BH3-only proteins",0,0,0,0,0,0,0
"bioplanet_1025_Cell cycle",0,0,0,0,0,0,0.602227978404103
"bioplanet_1026_Cell cycle checkpoints",0,0,0,0.979643373684674,0,0,0
"bioplanet_1027_G1 to S cell cycle control",0,0,0,0,0,0,0
"bioplanet_1028_Influenza factor interactions with host",0,0,0,0,0,0,0
"bioplanet_1029_Assembly of the ORC complex at the origin of replication",0,0,0,0,0,0,0
"bioplanet_102_Phosphoinositides and their downstream targets",0,0,0,0,0,0,0
"bioplanet_1032_Assembly of HIV virion",0,0,0,0,0,0,0
"bioplanet_1034_Chromosome maintenance",0,0,0,0,0,0,0
"bioplanet_1035_CDC6 association with the ORC-origin complex",0,0,0,0,0,0,0
"bioplanet_1036_Influenza viral RNA transcription and replication",0,0.979643373684674,1.39791474589988,0.809090804535772,1.2686309483204,1.96930203749142,1.63817112086772
"bioplanet_1037_Deposition of new CENP-A-containing nucleosomes at the centromere",0,0,0,0,0,0,0
"bioplanet_1038_DNA repair",0,0,0,0,0,0,0
"bioplanet_1039_Double-strand break repair",0,0,0,0,0,0,0
"bioplanet_103_Ion channel function in vascular endothelium",0,0,0,0,0,0,0
"bioplanet_1041_Global genomic nucleotide excision repair (GG-NER)",0,0,0,0,0,0,0
"bioplanet_1043_Transport to the Golgi and subsequent modification",0,0,0,0,0,0,0
"bioplanet_1044_Transport of glucose and other sugars, bile salts and organic acids, metal ions and amine compounds",0,0,0,0,0,0,0
"bioplanet_1045_Transport of inorganic cations/anions and amino acids/oligopeptides",0,0,0,0,0,0,0
"bioplanet_1046_Transport of vitamins, nucleosides, and related molecules",0,0,0,0,0,0,0
"bioplanet_1047_Transport of mature mRNAs derived from intronless transcripts",0,0,0,0,0,0,0
"bioplanet_1048_Transport of mature transcript to cytoplasm",0,0,0,0,0,0,0
"bioplanet_104_Ras signaling pathway",0,0,0,0,0,0,0
"bioplanet_1050_Transport of nucleosides and free purine and pyrimidine bases across the plasma membrane",0,0,0,0,0,0,0
"bioplanet_1051_Transport of nucleotide sugars",0,0,0,0,0,0,0
"bioplanet_1052_Transport of organic anions",0,0,0,0,0,0,0
"bioplanet_1053_Ion transport by P-type ATPases",0,0,0,0,0,0,0
"bioplanet_1054_ABCA transporters in lipid homeostasis",0,0,0,0,0,0,0
"bioplanet_1055_Zinc transporters",0,0,0,0,0,0,0
"bioplanet_1056_Hexose transport",0,0,0,0,0,0,0
"bioplanet_1057_Passive transport by aquaporins",0,0,0,0,0,0,0
"bioplanet_1059_Electron transport chain",0,0,0,0,0,0,0
"bioplanet_105_Modulation of interferon signaling by chaperones",0,0,0,0,0,0,0
"bioplanet_1061_Serotonin transporter activity",0,0,0,0,0,0,0
"bioplanet_1062_Monoamine transport",0,0,0,0,0,0,0
"bioplanet_1063_Amino acid transport across the plasma membrane",0,0,0,0,0,0,0
"bioplanet_1064_Ion channel transport",0,0,0,0,0,0,0
"bioplanet_1065_Bicarbonate transporters",0,0,0,0,0,0,0
"bioplanet_1066_COPI-mediated vesicle transport",0,0,0,0,0,0,0
"bioplanet_1067_Transmembrane transport of small molecules",0,0.602227978404103,0,0,0,0,0
"bioplanet_1070_Metal ion solute carrier family (SLC) transporters",0,0,0,0,0,0,0
"bioplanet_1071_Organic cation transport",0,0,0,0,0,0,0
"bioplanet_1072_Iron uptake and transport",0,0,0,0,0,0,0
"bioplanet_1075_Aquaporin-mediated transport",0,0,0,0,0,0,0
"bioplanet_1076_Amine compound SLC transporters",0,0,0,0,0,0,0
"bioplanet_1077_Gamma-carboxylation, transport, and amino-terminal cleavage of proteins",0,0,0,0,0,0,0
"bioplanet_1079_Sodium/proton exchangers",0,0,0,0,0,0,0
"bioplanet_107_Sprouty regulation of tyrosine kinase signals",0,0,0,0,0,0,0
"bioplanet_1080_Ligand-gated ion channel transport",0,0,0,0,0,0,0
"bioplanet_1081_Sodium/calcium exchangers",0,0,0,0,0,0,0
"bioplanet_1083_Cation-coupled chloride cotransporters",0,0,0,0,0,0,0
"bioplanet_1084_SLC-mediated transmembrane transport",0,0,0,0,0,0,0
"bioplanet_1087_Organic cation/anion/zwitterion transport",0,0,0,0,0,0,0
"bioplanet_1089_Amino acid and oligopeptide SLC transporters",0,0,0,0,0,0,0
"bioplanet_1090_Bile salt and organic anion SLC transporters",0,0,0,0,0,0,0
"bioplanet_1091_Lipid digestion, mobilization, and transport",0,0,0,0,0,0,0
"bioplanet_1092_Sodium/chloride-dependent neurotransmitter transporters",0,0,0,0,0,0,0
"bioplanet_1093_Facilitative sodium-independent glucose transporters",0,0,0,0,0,0,0
"bioplanet_1095_Endosomal sorting complex required for transport (ESCRT) pathway",0,0,0,0,0,0,0
"bioplanet_1096_COPII-mediated vesicle transport",0,0,0,0,0,0,0
"bioplanet_1097_Cytosolic sulfonation of small molecules",0,0,0,0,0,0,0
"bioplanet_109_NF-kappaB activation by non-typeable Hemophilus influenzae",0,0,0,0,0,0,0
"bioplanet_10_Adhesion and diapedesis of granulocytes",0,0,0,0,0,0,0
"bioplanet_1100_Zinc influx into cells by the SLC39 gene family",0,0,0,0,0,0,0
"bioplanet_1101_Transferrin endocytosis and recycling",0,0,0,0,0,0,0
"bioplanet_1102_Tricarboxylic acid (TCA) cycle and respiratory electron transport",0,0,0,0,0,0,0
"bioplanet_1104_Zinc efflux and compartmentalization by the SLC30 family",0,0,0,0,0,0,0
"bioplanet_1107_PTM: gamma carboxylation, hypusine formation and arylsulfatase activation",0,0,0,0,0,0,0
"bioplanet_1108_Hormone-sensitive lipase (HSL)-mediated triacylglycerol hydrolysis",0,0,0,0,0,0,0
"bioplanet_110_PKC-catalyzed phosphorylation of inhibitory phosphoprotein of myosin phosphatase",0,0,0,0,0,0,0
"bioplanet_1110_Extracellular matrix organization",0,0,0,0,0,0,0
"bioplanet_1111_Beta-catenin phosphorylation cascade",0,0,0,0,0,0,0
"bioplanet_1112_Activation of matrix metalloproteinases",0,0,0,0,0,0,0
"bioplanet_1113_HIV factor interactions with host",0,0,0,1.2686309483204,0,0,0.289473365907494
"bioplanet_1116_Cyclin A-Cdk2-associated events at S phase entry",0,0,0,0,0,0,0
"bioplanet_1117_Neurotransmitter release cycle",0,0,0,0,0,0,0
"bioplanet_1118_Antigen presentation: folding, assembly, and peptide loading of class I MHC proteins",0,1.13046484305991,0,1.52059648856902,0,0,0
"bioplanet_111_Calcium signaling by HBx of hepatitis B virus",0,0,0,0,0,0,0
"bioplanet_1120_RNA polymerase I transcription initiation",0,0,0,0,0,0,0
"bioplanet_1121_RNA polymerase I transcription",0,0,0,0,0,0,0
"bioplanet_1122_RNA polymerase II transcription",0,0,0,0,0,0,0
"bioplanet_1123_RNA polymerase III transcription termination",0,0,0,0,0,0,0
"bioplanet_1124_RNA polymerase III transcription initiation from type 2 promoter",0,0,0,0,0,0,0
"bioplanet_1125_RNA polymerase III transcription initiation From type 3 promoter",0,0,0,0,0,0,0
"bioplanet_1126_RNA polymerase I, RNA polymerase III, and mitochondrial transcription",0,0,0,0,0,0,0
"bioplanet_1127_RNA polymerase II promoter escape",0,0,0,0,0,0,0
"bioplanet_1128_RNA polymerase III abortive and retractive initiation",0,0,0,0,0,0,0
"bioplanet_1129_RNA polymerase II C-terminal domain phosphorylation and interaction with capping enzyme",0,0,0,0,0,0,0
"bioplanet_112_Phospholipids as signaling intermediaries",0,0,0,0,0,0,0
"bioplanet_1130_Transfer RNA aminoacylation",0,0,0,0,0,0,0
"bioplanet_1131_Messenger RNA decay by 3' to 5' exoribonuclease",0,0,0,0,0,0,0
"bioplanet_1132_Messenger RNA decay by 5' to 3' exoribonuclease",0,0,0,0,0,0,0
"bioplanet_1133_Messenger RNA capping",0,0,0,0,0,0,0
"bioplanet_1135_Messenger RNA splicing: minor pathway",0,0,0,0,0,0,0
"bioplanet_1137_Messenger RNA splicing: major pathway",0,0,0,0,0,0,0
"bioplanet_1138_Messenger RNA processing",0,0,0,0,0,0,0
"bioplanet_1139_MicroRNA regulation of DNA damage response",0,0,0,0,0,0,0
"bioplanet_113_Ck1/Cdk5 regulation by type 1 glutamate receptors",0,0,0,0,0,0,0
"bioplanet_1141_Diurnally regulated genes with circadian orthologs",0,0,0,0,0,0,0
"bioplanet_1144_MicroRNAs in cardiomyocyte hypertrophy",0,0,0,0,0,0,0
"bioplanet_1145_Viral dsRNA-TLR3-TRIF complex activation of RIP1",0,0,0,0,0,0,0
"bioplanet_1147_ERBB1 internalization pathway",0,0,0,0,0,0,0
"bioplanet_1148_Regulatory RNA pathways",0,0,0,0,0,0,0
"bioplanet_1149_Cytosolic tRNA aminoacylation",0,0,0,0,0,0,0
"bioplanet_114_EGF receptor transactivation by GPCRs in cardiac hypertrophy",0,0,0,0,0,0,0
"bioplanet_1150_Binding of RNA by insulin-like growth factor 2 mRNA binding proteins (IGF2BPs/IMPs/VICKZs)",0,0,0,0,0,0,0
"bioplanet_1151_mRNA stability regulation by proteins that bind AU-rich elements",0,0,0,0,0,0,1.2686309483204
"bioplanet_1152_Mitochondrial tRNA aminoacylation",0,0,0,0,0,0,0
"bioplanet_1153_Transcription factor regulation of microRNAs related to cardiac hypertrophy",0,0,0,0,0,0,0
"bioplanet_1154_Deadenylation of mRNA",0,0,0,0,0,0,0
"bioplanet_1155_Small interfering RNA (siRNA) biogenesis",0,0,0,0,0,0,0
"bioplanet_1156_Stabilization of mRNA by HuR",0,0,0,0,0,0,0
"bioplanet_1157_Activation of mRNA upon binding of the cap-binding complex and eIFs, and subsequent binding to 43S",0,1.13046484305991,0,0,0,0.809090804535772,1.39791474589988
"bioplanet_1159_Destabilization of mRNA by AUF1 (hnRNP D0)",0,0,0,0.809090804535772,0,0,0
"bioplanet_115_Bioactive peptide-induced signaling pathway",0,0,0,0,0,0,0
"bioplanet_1160_Destabilization of mRNA by butyrate response factor 1 (BRF1)",0,0,0,0,0,0,0
"bioplanet_1161_Destabilization of mRNA by KSRP",0,0,0,0,0,0,0
"bioplanet_1162_Deadenylation-dependent mRNA decay",0,0,0,0,0,0,0
"bioplanet_1163_Intronless pre-mRNA processing",0,0,0,0,0,0,0
"bioplanet_1165_Rev-mediated nuclear export of HIV-1 RNA",0,0,0,0,0,0,0
"bioplanet_1166_Post-transcriptional silencing by small RNAs",0,0,0,0,0,0,0
"bioplanet_1167_Capped intron-containing pre-mRNA processing",0,0,0,0,0,0,0
"bioplanet_1168_Post-elongation processing of intronless pre-mRNA",0,0,0,0,0,0,0
"bioplanet_1169_HIV life cycle early phase",0,0,0,0,0,0,0
"bioplanet_116_Presenilin action in Notch and Wnt signaling",0,0,0,0,0,0,0
"bioplanet_1170_SLBP-dependent processing of replication-dependent histone pre-mRNAs",0,0,0,0,0,0,0
"bioplanet_1171_DNA replication pre-Initiation",0,0,0,0,0,0,0
"bioplanet_1172_DNA replication",0,0,0,0,0,1.2686309483204,0
"bioplanet_1174_DNA replication initiation",0,0,0,0,0,0,0
"bioplanet_1176_DNA strand elongation",0,0,0,0,0,0,0
"bioplanet_1177_DNA-PK pathway in nonhomologous end joining",0,0,0,0,0,0,0
"bioplanet_1178_ATM-dependent DNA damage response",0,0,0,0,0,0,0
"bioplanet_1179_G2/M DNA damage checkpoint",0,0,0,0,0,0,0
"bioplanet_117_mTOR signaling pathway",0,0,0,0,0,0,0
"bioplanet_1181_Homologous DNA pairing and strand exchange",0,0,0,0,0,0,0
"bioplanet_1182_Unwinding of DNA",0,0,0,0,0,0,0
"bioplanet_1183_Proteins and DNA sequences in cardicac structures",0,0,0,0,0,0,0
"bioplanet_1185_S phase",0,0,0,0,0,0,0
"bioplanet_1186_G2/M checkpoints",0,0,0,0,0,0,0
"bioplanet_1187_E2F-mediated regulation of DNA replication",0,0,0,0,0,0,0
"bioplanet_1189_Activation of the pre-replicative complex",0,0,0,0,0,0,0
"bioplanet_118_Ceramide signaling pathway",0,0,0,0,0,0,0
"bioplanet_1190_Cytosolic sensors of pathogen-associated DNA",0,0,0,0,0,0,0
"bioplanet_1191_Mechanisms of transcriptional repression by DNA methylation",0,0,0,0,0,0,0
"bioplanet_1193_Inhibition of replication initiation of damaged DNA by RB1/E2F1",0,0,0,0,0,0,0
"bioplanet_1194_Integration of provirus",0,0,0,0,0,0,0
"bioplanet_1196_Association of licensing factors with the pre-replicative complex",0,0,0,0,0,0,0
"bioplanet_1197_E2F-enabled inhibition of pre-replication complex formation",0,0,0,0,0,0,0
"bioplanet_1198_Phase II of biological oxidations: conjugation",0,0,0,0,0,0,0
"bioplanet_119_Signaling pathway from G-protein families",0,0,0,0,0,0,0
"bioplanet_11_Adhesion and diapedesis of lymphocytes",0,0,0,0,0,0,0
"bioplanet_1201_Activation of BH3-only proteins",0,0,0,0,0,0,0
"bioplanet_1203_Acetylcholine binding and downstream events",0,0,0,0,0,0,0
"bioplanet_1204_Unblocking of NMDA receptor, glutamate binding and activation",0,0,0,0,0,0,0
"bioplanet_1205_Immunoregulatory interactions between a lymphoid and a non-lymphoid cell",0,0,0,0.602227978404103,0,0,0
"bioplanet_1206_MHC class II antigen presentation",0,0,0,0,0,0,0
"bioplanet_1207_Gene expression regulation in pancreatic beta cells",0,0,0,0,0,0,0
"bioplanet_1208_Defensins",0,0,0,0,0,0,0
"bioplanet_120_Cytokines and inflammatory response",0,0,0,0,0,0,0
"bioplanet_1217_Transcriptional activity of SMAD2/SMAD3-SMAD4 heterotrimer",0,0,0,0,0,0,0
"bioplanet_121_PDGFA signaling pathway",0,0,0,0,0,0,0
"bioplanet_1221_Axonogenesis regulation by p75 neurotrophin receptor",0,0,0,0,0,0,0
"bioplanet_1222_CREB phosphorylation",0,0,0,0,0,0,0
"bioplanet_1223_Calcitonin-like ligand receptors",0,0,0,0,0,0,0
"bioplanet_1225_Binding of chemokines to chemokine receptors",0,0,0,0,0,0,0
"bioplanet_1226_Class B GPCRs (secretin family receptors)",0,0,0,0,0,0,0
"bioplanet_1228_Downregulation of SMAD2/3-SMAD4 transcriptional activity",0,0,0,0,0,0,0
"bioplanet_122_TNF/stress-related signaling",0,0,0,0,0,0,0
"bioplanet_1231_ERK inactivation",0,0,0,0,0,0,0
"bioplanet_1232_PIP2 hydrolysis",0,0,0,0,0,0,0
"bioplanet_1233_Eicosanoid ligand-binding G-protein coupled receptors",0,0,0,0,0,0,0
"bioplanet_1234_Energy-dependent regulation of mTOR by LKB1-AMPK",0,0,0,0,0,0,0
"bioplanet_1235_FGFR ligand binding and activation",0,0,0,0,0,0,0
"bioplanet_1239_FGFR3 ligand binding and activation",0,0,0,0,0,0,0
"bioplanet_123_TNFR2 signaling pathway",0,0,0,0,0,0,0
"bioplanet_1241_FGFR4 ligand binding and activation",0,0,0,0,0,0,0
"bioplanet_1242_FRS2-mediated cascade",0,0,0,0,0,0,0
"bioplanet_1243_Formyl peptide interaction with formyl peptide receptors",0,0,0,0,0,0,0
"bioplanet_1245_FRS2-mediated activation",0,0,0,0,0,0,0
"bioplanet_1246_G-protein-mediated events",0,0,0,0,0,0,0
"bioplanet_1247_GPCR ligand binding",0,0,0,0,0,0,0
"bioplanet_1248_Glucagon-type ligand receptors",0,0,0,0,0,0,0
"bioplanet_124_TPO signaling pathway",0,0,0,0,0,0,0
"bioplanet_1253_Lysosphingolipid and lysophosphatidic acid (LPA) G-protein coupled receptors",0,0,0,0,0,0,0
"bioplanet_1254_MEK activation",0,0,0,0,0,0,0
"bioplanet_1257_Nucleotide-like (purinergic) G-protein coupled receptors",0,0,0,0,0,0,0
"bioplanet_125_CARM1 transcriptional regulation by protein methylation",0,0,0,0,0,0,0
"bioplanet_1260_Peptide G-protein coupled receptors",0,0,0,0,0,0,0
"bioplanet_1261_Pre-NOTCH expression and processing",0,0,0,0,0,0,0
"bioplanet_1262_Pre-NOTCH processing in Golgi",0,0,0,0,0,0,0
"bioplanet_1263_Pre-NOTCH Processing in the endoplasmic reticulum",0,0,0,0,0,0,0
"bioplanet_1264_Prostanoid ligand receptors",0,0,0,0,0,0,0
"bioplanet_1266_Adenylate cyclase inhibitory pathway",0,0,0,0,0,0,0
"bioplanet_1267_Rheb GTPase activity by AMPK regulation",0,0,0,0,0,0,0
"bioplanet_1270_Amine ligand-binding G-protein coupled receptors",0,0,0,0,0,0,0
"bioplanet_1271_VEGF, hypoxia, and angiogenesis",0,0,0,0,0,0,0
"bioplanet_1272_Trefoil factor initiation of mucosal healing",0,0,0,0,0,0,0
"bioplanet_1275_Bone remodeling",0,0,0,0,0,0,0
"bioplanet_1276_Proteasome complex",0,0,0,0,0,0,0
"bioplanet_1277_Mechanism of gene regulation by peroxisome proliferators via PPAR-alpha",0,0,0,0,0,0,0
"bioplanet_1278_Interferon-beta enhancer pathway",0,0,0,0,0,0,0
"bioplanet_1283_Hypoxia-inducible factor in the cardivascular system",0,0,0,0,0,0,0
"bioplanet_1286_ERK5 role in neuronal survival pathway",0,0,0,0,0,0,0
"bioplanet_1287_eIF4E and p70 S6 kinase regulation",0,0,0,0,0,0,0
"bioplanet_1289_BRCA1-dependent ubiquitin ligase activity",0,0,0,0,0,0,0
"bioplanet_128_Interleukin-17 signaling pathway",0,0,0,0,0,0,0
"bioplanet_1291_SMAD2/3 nuclear pathway",0,0,0,0,0,0,0
"bioplanet_1292_Endothelins",0,0,0,0,0,0,0
"bioplanet_1294_LPA receptor mediated events",0,0,0,0,0,0,0
"bioplanet_1295_Beta-1 integrin cell surface interactions",0,0,0,0,0,0,0
"bioplanet_1296_p73 transcription factor network",0,0,0,0,0,0,0
"bioplanet_1297_Atypical NF-kappaB pathway",0,0,0,0,0,0,0
"bioplanet_1299_E2F transcription factor network",0,0,0,0,0,0,0
"bioplanet_12_Granzyme A-mediated apoptosis pathway",0,0,0,0,0,0,0
"bioplanet_1300_HIF-2-alpha transcription factor network",0,0,0,0,0,0,0
"bioplanet_1301_Integrin family cell surface interactions",0,0,0,0,0,0,0
"bioplanet_1303_Beta-3 integrin cell surface interactions",0,0,0,0,0,0,0
"bioplanet_1304_S1P/S1P3 pathway",0,0,0,0,0,0,0
"bioplanet_1305_Androgen receptor proteolysis and transcription regulation",0,0,0,0,0,0,0
"bioplanet_1306_Regulation of NFAT transcription factors",0,0,0,0,0,0,0
"bioplanet_1308_Ephrin receptor B forward pathway",0,0,0,0,0,0,0
"bioplanet_1309_Alpha-V beta-3 integrin/OPN pathway",0,0,0,0,0,0,0
"bioplanet_1310_S1P/S1P4 pathway",0,0,0,0,0,0,0
"bioplanet_1311_FRA pathway",0,0,0,0,0,0,0
"bioplanet_1312_Myc active pathway",0,0,0,0,0,0,0
"bioplanet_1313_Arf6 integrin-mediated signaling pathway",0,0,0,0,0,0,0
"bioplanet_1314_RhoA activity regulation",0,0,0,0,0,0,0
"bioplanet_1315_p38-alpha and p38-beta regulation",0,0,0,0,0,0,0
"bioplanet_1316_CDC42 activity regulation",0,0,0,0,0,0,0
"bioplanet_1317_ATM pathway",0,0,0,0,0,0,0
"bioplanet_1318_S1P/S1P1 pathway",0,0,0,0,0,0,0
"bioplanet_1320_HNF3B pathway",0,0,0,0,0,0,0
"bioplanet_1321_Regular glucocorticoid receptor pathway",0,0,0,0,0,0,0
"bioplanet_1322_Alpha-9 beta-1 integrin pathway",0,0,0,0,0,0,0
"bioplanet_1323_Validated nuclear estrogen receptor beta network",0,0,0,0,0,0,0
"bioplanet_1324_Arf6 vesicle-mediated transport",0,0,0,0,0,0,0
"bioplanet_1326_IGF1 pathway",0,0,0,0,0,0,0
"bioplanet_1327_Polo-like kinase 1 (PLK1) pathway",0,0,0,0,0,0,0
"bioplanet_1328_T cell receptor/Ras pathway",0,0,0,0,0,0,0
"bioplanet_1329_Rapid glucocorticoid receptor pathway",0,0,0,0,0,0,0
"bioplanet_132_fMLP induced chemokine gene expression in HMC-1 cells",0,0,0,0,0,0.979643373684674,0
"bioplanet_1330_C-Myc pathway",0,0,0,0,0,0,0
"bioplanet_1331_Interleukin-2/PI3K pathway",0,0,0,0,0,0,0
"bioplanet_1332_p53 signaling pathway",0,0,0,0,0,0,0
"bioplanet_1333_Androgen receptor regulation of biosynthesis and transcription",0,0,0,0,0,0,0
"bioplanet_1334_E-cadherin nascent AJ-like junctions pathway",0,0,0,0,0,0,0
"bioplanet_1335_Integrin beta-4 pathway",0,0,0,0,0,0,0
"bioplanet_1337_Integrins in angiogenesis",0,0,0,0,0,0,0
"bioplanet_1339_RXR/VDR pathway",0,0,0,0,0,0,0
"bioplanet_133_Interferon-alpha signaling pathway",0,0,0,0,0,0,0
"bioplanet_1340_ERBB1 downstream pathway",0,0,0,0,0,0,1.39791474589988
"bioplanet_1341_Syndecan 4 pathway",0,0,0,0,0,0,0
"bioplanet_1342_ATF2 transcription factor network",0,0,0,0,0,0,0
"bioplanet_1343_AP-1 transcription factor network",0,0,0,0.602227978404103,0,1.63817112086772,0
"bioplanet_1344_Integrin beta-2 pathway",0,0,0,0,0,0,0
"bioplanet_1345_FOXM1 transcription factor network",0,0,0,0,0,0,0
"bioplanet_1346_Ephrin receptor A forward pathway",0,0,0,0,0,0,0
"bioplanet_1347_Hypoxic and oxygen homeostasis regulation of HIF-1-alpha",0,0,0,0,0,0,0
"bioplanet_1348_E-cadherin keratinocyte pathway",0,0,0,0,0,0,0
"bioplanet_1349_ALK1 pathway",0,0,0,0,0,0,0
"bioplanet_1350_T cell receptor/JNK pathway",0,0,0,0,0,0,0
"bioplanet_1351_C-Myb transcription factor network",0,0,0,0,0,0,0
"bioplanet_1352_Syndecan 1 pathway",0,0,0,0,0,0,0
"bioplanet_1353_p38 MK2 pathway",0,0,0,0,0,0,0
"bioplanet_1354_Validated nuclear estrogen receptor alpha network",0,0,0,0,0,0,0
"bioplanet_1355_ALK2 pathway",0,0,0,0,0,0,0
"bioplanet_1357_p38 gamma/delta MAPK pathway",0,0,0,0,0,0,0
"bioplanet_1358_Integrin beta-5 pathway",0,0,0,0,0,0,0
"bioplanet_1359_VEGFR1 pathway",0,0,0,0,0,0,0
"bioplanet_135_IGF1 signaling pathway",0,0,0,0,0,0,0
"bioplanet_1360_p38 alpha/beta MAPK downstream pathway",0,0,0,0,0,0,0
"bioplanet_1361_Interleukin-2/STAT5 pathway",0,0,0,0,0,0,0
"bioplanet_1362_T cell receptor calcium pathway",0,0,0,0,0,0,0
"bioplanet_1363_Delta Np63 pathway",0,0,0,0,0,0,0
"bioplanet_1365_Syndecan 2 pathway",0,0,0,0,0,0,0
"bioplanet_1366_RAC1 activity regulation",0,0,0,0,0,0,0
"bioplanet_1367_Insulin regulation of blood glucose",0,0,0,0,0,0,0
"bioplanet_1368_PIK3C1/AKT pathway",0,0,0,0,0,0,0
"bioplanet_1369_Syndecan 3 pathway",0,0,0,0,0,0,0
"bioplanet_136_Interleukin-10 anti-inflammatory signaling pathway",0,0,0,0,0,0,0
"bioplanet_1370_Myc repressed pathway",0,0,0,0,0,0,0
"bioplanet_1371_HIF-1 transcriptional activity in hypoxia",0,0,0,0,0,0,0
"bioplanet_1372_TAp63 pathway",0,0,0,0,0,0,0
"bioplanet_1374_Ras family activation regulation",0,0,0,0,0,0,0
"bioplanet_1375_MAPK/TRK pathway",0,0,0,0,0,0,0
"bioplanet_1376_PI3K/PLC/TRK pathway",0,0,0,0,0,0,0
"bioplanet_1377_CD8/T cell receptor downstream pathway",0,0,0,0,0,0,0
"bioplanet_1379_Rac1 cell motility signaling pathway",0,0,0,0,0,0,0
"bioplanet_1380_Retinoblastoma protein regulation",0,0,0,0,0,0,0
"bioplanet_1381_Glypican-3 pathway",0,0,0,0,0,0,0
"bioplanet_1382_HNF3A pathway",0,0,0,0,0,0,0
"bioplanet_1383_HES/HEY pathway",0,0,0,0,0,0,0
"bioplanet_1384_Interleukin-12/STAT4 pathway",0,0,0,0,0,0,0
"bioplanet_1385_Golgi-associated vesicle biogenesis",0,0,0,0,0,0,0
"bioplanet_1387_Presynaptic function of kainate receptors",0,0,0,0,0,0,0
"bioplanet_1389_Coagulation intrinsic pathway",0,0,0,0,0,0,0
"bioplanet_1390_ATR activation in response to replication stress",0,0,0,0,0,0,0
"bioplanet_1391_APC/C activator regulation between G1/S and early anaphase",0,0,0,0,0,0,0
"bioplanet_1398_HIV-1 early elongation complex formation",0,0,0,0,0,0,0
"bioplanet_1399_HIV-1 elongation complex formation in the absence of HIV-1 Tat",0,0,0,0,0,0,0
"bioplanet_139_Interleukin-22 soluble receptor signaling pathway",0,0,0,0,0,0,0
"bioplanet_1403_Mitotic metaphase/anaphase transition",0,0,0,0,0,0,0
"bioplanet_1404_Cap-dependent translation initiation",0,0.289473365907494,1.13046484305991,0,1.13046484305991,1.75167673354328,1.96930203749142
"bioplanet_1406_Tat-mediated elongation of the HIV-1 transcript",0,0,0,0,0,0,0
"bioplanet_1408_Licensing factor removal from origins",0,0,0,0,0,0,0
"bioplanet_1409_Mitotic prometaphase",0,0,0,0,0,0,0
"bioplanet_1414_Oncostatin M",0,0,0,0,0.809090804535772,1.13046484305991,0
"bioplanet_1415_Ghrelin pathway",0,0,0,0,0,0,0
"bioplanet_1417_Corticotropin releasing hormone pathway",0,0,0,0,0,0,0
"bioplanet_1418_Interleukin-1 regulation of extracellular matrix",0,0,0,0,0.289473365907494,1.52059648856902,0.979643373684674
"bioplanet_1419_Fibroblast growth factor 1",0,0,0,0,0,0,0
"bioplanet_1420_RAGE pathway",0,0,0,0,0,0,0
"bioplanet_1422_Interleukin-11 pathway",0,0,0,0,0,0,0
"bioplanet_1423_Interleukin-3 regulation of hematopoietic cells",0,0,0,0,0,0,0
"bioplanet_1424_Gastrin pathway",0,0,0,0,0,0,0
"bioplanet_1425_Interleukin-4 regulation of apoptosis",0,0,0.602227978404103,0,1.63817112086772,2.47760214936513,1.39791474589988
"bioplanet_1426_Interleukin-5 regulation of apoptosis",0,0,0,0,0,0,0
"bioplanet_1427_Interleukin-6 regulation of target genes",0,0,0,0,0,0,0
"bioplanet_1428_Interleukin-7 interactions in immune response",0,0,0,0,0,0,0
"bioplanet_1430_Interleukin-9 regulation of target genes",0,0,0,0,0,0,0
"bioplanet_1432_Leptin influence on immune response",0,0,0,0,0,0,0
"bioplanet_1433_TSH regulation of gene expression",0,0,0,0,0,0,0
"bioplanet_1434_Thymic stromal lymphopoietin (TSLP) pathway",0,0,0,0,0,0,0
"bioplanet_1435_FSH regulation of apoptosis",0,0,0,0,0.979643373684674,2.95597901446568,1.2686309483204
"bioplanet_1436_TWEAK regulation of gene expression",0,0,0,0,0,0,0
"bioplanet_1438_EGFR1 pathway",0,0,0,0,0,0,0
"bioplanet_1439_ID regulation of gene expression",0,0,0,0,0,0,0
"bioplanet_1440_Prolactin regulation of apoptosis",0,0,0,0,0,0,0
"bioplanet_1442_TGF-beta regulation of extracellular matrix",0,0,0,0,0,0,0
"bioplanet_1443_BDNF signaling pathway",0,0,0,0,0,0.809090804535772,1.13046484305991
"bioplanet_1444_Wnt interactions in lipid metabolism and immune response",0,0,0,0,0,0,0
"bioplanet_1445_TNF-alpha effects on cytokine activity, cell motility, and apoptosis",0,0,0,0,0,0,0
"bioplanet_1447_Smooth muscle contraction",0,0,0,0,0,0,0
"bioplanet_1449_TAK1 activates NF-kappaB by phosphorylation and activation of IKK complex",0,0,0,0,0,0,0
"bioplanet_1450_TRAF3-dependent IRF activation pathway",0,0,0,0,0,0,0
"bioplanet_1451_TRAF6-mediated IRF7 activation",0,0,0,0,0,0,0
"bioplanet_1452_Antigen processing: cross presentation",0,1.75167673354328,0,1.75167673354328,0,0,1.13046484305991
"bioplanet_1453_TRAF6 mediated NF-kB activation",0,0,0,0,0,0,0
"bioplanet_1456_Tandem pore domain potassium channels",0,0,0,0,0,0,0
"bioplanet_1457_Telomere extension by telomerase",0,0,0,0,0,0,0
"bioplanet_1458_Antiviral mechanism by interferon-stimulated genes",0,0,0,0,1.39791474589988,1.2686309483204,0
"bioplanet_1459_Telomere maintenance",0,0,0,0,0,0,0
"bioplanet_1463_Arylsulfatase activation",0,0,0,0,0,0,0
"bioplanet_1464_Toll receptor cascades",0,0,0,0,0,0,0
"bioplanet_1465_Toll-like receptor endosomal trafficking and processing",0,0,0,0,0,0,0
"bioplanet_1466_GluR2-containing AMPA receptor trafficking",0,0,0,0,0,0,0
"bioplanet_1467_Transcription",0,0,0,0,0,0,0
"bioplanet_1469_HIV genome transcription",0,0,0,0,0,0,0
"bioplanet_146_Interleukin-2 receptor beta chain in T cell activation",0,0,0,0,0,0,0
"bioplanet_1470_Transcriptional regulation of white adipocyte differentiation",0,0,0,0,0,0,0
"bioplanet_1472_Transmission across chemical synapses",0,0,0,0,0,0,0
"bioplanet_1473_Unfolded protein response",0,0,0,0,0,0,0
"bioplanet_1475_Asparagine N-linked glycosylation",0,0,0,0,0,0,0
"bioplanet_1477_Voltage-gated potassium channels",0,0,0,0,0,0,0
"bioplanet_1478_Cytochrome P450 metabolism of xenobiotics",0,0,0,0,0,0,0
"bioplanet_1479_YAP1- and WWTR1 (TAZ)-stimulated gene expression",0,0,0,0,0,0,0
"bioplanet_147_Signal transduction through IL-1R",0,0,0,0,0,0,0
"bioplanet_1480_TAK1-mediated activation of p38 MAPK",0,0,0,0,0,0,0
"bioplanet_1481_Endothelial NOS activation",0,0,0,0,0,0,0
"bioplanet_1482_Mitochondrial beta-oxidation of saturated fatty acids",0,0,0,0,0,0,0
"bioplanet_1484_Attachment of GPI anchor to uPAR",0,0,0,0,0,0,0
"bioplanet_1486_BMAL1-CLOCK/NPAS2 activates circadian expression",0,0,0,0,0,0,0
"bioplanet_1487_Basigin interactions",0,0,0,0,0,0,0
"bioplanet_148_Erythropoietin-mediated neuroprotection through NF-kB",0,0,0,0,0,0,0
"bioplanet_1491_Biological oxidations",0,0,0,0,0,0,0
"bioplanet_1492_Botulinum neurotoxicity",0,0,0,0,0,0,0
"bioplanet_1493_CD28-dependent Vav1 pathway",0,0,0,0,0,0,0
"bioplanet_1494_CDO in myogenesis",0,0,0,0,0,0,0
"bioplanet_1495_CHL1 interactions",0,0,0,0,0,0,0
"bioplanet_1497_Calcium-activated potassium channels",0,0,0,0,0,0,0
"bioplanet_1498_Cell surface interactions at the vascular wall",0,0,0,0,0,0,0
"bioplanet_1499_Cell-extracellular matrix interactions",0,0,0,0,0,0,0
"bioplanet_149_Melanocyte development and pigmentation pathway",0,0,0,0,0,0,0
"bioplanet_14_Apoptotic signaling in response to DNA damage",0,0,0,0,0,0,0
"bioplanet_1500_Cellular response to hypoxia",0,0,0,0,0,0,0
"bioplanet_1501_Circadian rhythm",0,0,0,0,0,0,0
"bioplanet_1503_Clathrin derived vesicle budding",0,0,0,0,0,0,0.979643373684674
"bioplanet_1504_Cleavage of growing transcript in the termination region",0,0,0,0,0,0,0
"bioplanet_1507_Coagulation common pathway",0,0,0,0,0,0,0
"bioplanet_1508_Complement cascade",0,0,0,0,0,0,0
"bioplanet_1509_Cooperation of prefoldin and TriC/CCT  in actin and tubulin folding",0,0,0,0,0,0,0
"bioplanet_150_Calcineurin in effects in keratinocyte differentiation",0,0,0,0,0,0,0
"bioplanet_1510_Cross-presentation of particulate exogenous antigens (phagosomes)",0,0,0,0,0,0,0
"bioplanet_1511_Cyclin A/B1-associated events during G2/M transition",0,0,0,0,0,0,0
"bioplanet_1514_Cyclin D-associated events in G1",0,0,0,0,0,0,0
"bioplanet_1515_Down syndrome cell adhesion molecule (DSCAM) interactions",0,0,0,0,0,0,0
"bioplanet_1516_Opening of calcium channels triggered by depolarization of the presynaptic terminal",0,0,0,0,0,0,0
"bioplanet_1517_Developmental biology",0,0,0,0,0,0,0
"bioplanet_1518_Diabetes pathways",0,0,0,0,0,0,0
"bioplanet_1520_Dissolution of fibrin clot",0,0,0,0,0,0,0
"bioplanet_1521_Dopamine neurotransmitter release cycle",0,0,0,0,0,0,0
"bioplanet_1522_Dual incision reaction in GG-NER",0,0,0,0,0,0,0
"bioplanet_1523_Dual incision reaction in TC-NER",0,0,0,0,0,0,0
"bioplanet_1524_ER quality control compartment (ERQC)",0,0,0,0,0,0,0
"bioplanet_1526_Acetylcholine neurotransmitter release cycle",0,0,0,0,0,0,0
"bioplanet_1527_Elevation of cytosolic calcium levels",0,0,0,0,0,0,0
"bioplanet_1528_Cytochrome P450 metabolism of endogenous sterols",0,0,0,0,0,0,0
"bioplanet_152_Skeletal myogenesis control by HDAC and calcium/calmodulin-dependent kinase (CaMK)",0,0,0,0,0,0,0
"bioplanet_1531_Activated AMPK stimulation of fatty-acid oxidation in muscle",0,0,0,0,0,0,0
"bioplanet_1533_Extension of telomeres",0,0,0,0,0,0,0
"bioplanet_1535_Factors involved in megakaryocyte development and platelet production",0,0,0,0,0,0,0
"bioplanet_1537_Folding of actin by CCT/TriC",0,0,0,0,0,0,0
"bioplanet_1538_Fibrin clot formation (clotting cascade)",0,0,0,0,0,0,0
"bioplanet_153_Keratinocyte differentiation",0,0,0,0,0,0,0.602227978404103
"bioplanet_1541_G0 and early G1 pathway",0,0,0,0,0,0,0
"bioplanet_1542_G1/S-specific transcription",0,0,0,0,0,0,0
"bioplanet_1546_BAD activation and translocation to mitochondria",0,0,0,0,0,0,0
"bioplanet_1547_GABA A and B receptor activation",0,0,0,0,0,0,0
"bioplanet_1549_Generic transcription pathway",0,0,0,0,0,0,0
"bioplanet_154_Progesterone-initiated oocyte maturation",0,0,0,0,0,0,0
"bioplanet_1550_Glutamate binding and activation of AMPA receptors and synaptic plasticity",0,0,0,0,0,0,0
"bioplanet_1551_Glutamate neurotransmitter release cycle",0,0,0,0,0,0,0
"bioplanet_1552_Glutathione conjugation",0,0,0,0,0,0,0
"bioplanet_1554_Activation of calcium-permeable kainate receptor",0,0,0,0,0,0,0
"bioplanet_1556_HIV life cycle",0,0,0,0,0,0,0
"bioplanet_1557_HIV-1 transcription initiation",0,0,0,0,0,0,0
"bioplanet_1558_Hemostasis pathway",0,0,0,0,0,0,0
"bioplanet_1560_Notch receptor processing",0,0,0,0,0,0,0
"bioplanet_1561_IKK complex recruitment by IRAK1",0,0,0,0,0,0,0
"bioplanet_1562_IRAK2-mediated activation of TAK1 complex",0,0,0,0,0,0,0
"bioplanet_1564_Activation of chaperones by ATF6 alpha",0,0,0,0,0,0,0
"bioplanet_1565_Inactivation of APC/C via direct inhibition of the APC/C complex",0,0,0,0,0,0,0
"bioplanet_1566_Inflammasomes",0,0,0,0,0,0,0
"bioplanet_1567_Activation of chaperones by IRE1 alpha",0,0,0,0,0,0,0
"bioplanet_1568_Inhibition of insulin secretion by adrenaline/noradrenaline",0,0,0,0,0,0,0
"bioplanet_1569_Integrin cell surface interactions",0,0,0,0,0,0,0
"bioplanet_156_Sonic Hedgehog (Shh) pathway",0,0,0,0,0,0,0
"bioplanet_1570_Interaction between L1-type proteins and ankyrins",0,0,0,0,0,0,0
"bioplanet_1572_Interactions of HIV Vpr protein with host cellular proteins",0,0,0,0,0,0,0
"bioplanet_1573_Inwardly rectifying potassium channels",0,0,0,0,0,0,0
"bioplanet_1574_JNK (c-Jun kinases) phosphorylation and  activation mediated by activated human TAK1",0,0,0,0,0,0,0
"bioplanet_1575_Kinesins",0,0,0,0,0,0,0
"bioplanet_1576_L1CAM interactions",0,0,0,0,0,0,0
"bioplanet_1577_Activation of kainate receptors upon glutamate binding",0,0,0,0,0,0,0
"bioplanet_1579_Lysosome vesicle biogenesis",0,0,0,0,0,0,0
"bioplanet_157_Agrin in postsynaptic differentiation",0,0,0,0,0,0,0
"bioplanet_1580_M phase pathway",0,0,0,0,0,0,0
"bioplanet_1581_Nuclear events mediated by MAP kinases",0,0,0,0,0,0,0
"bioplanet_1582_Meiosis",0,0,0,0,0,0,0
"bioplanet_1583_Meiotic recombination",0,0,0,0,0,0,0
"bioplanet_1584_Meiotic synapsis",0,0,0,0,0,0,0
"bioplanet_1585_Membrane trafficking",0,0,0,0,0,0,0
"bioplanet_1586_Activation of NMDA receptor upon glutamate binding and postsynaptic events",0,0,0,0,0,0,0
"bioplanet_1587_Methylation",0,0,0,0,0,0,0
"bioplanet_1591_Mitotic G1-G1/S phases",0,0,0,0,0,0,0
"bioplanet_1592_Mitotic G2-G2/M phases",0,0,0,0,0,0,0
"bioplanet_1594_Muscle contraction",0,0,0,0,0,0,0
"bioplanet_1595_N-glycan antennae elongation in the medial/trans-Golgi",0,0,0,0,0,0,0
"bioplanet_1597_N-glycan trimming in the ER and calnexin/calreticulin cycle",0,0,0,0,0,0,0
"bioplanet_1598_NF-kappaB activation through FADD/RIP-1 pathway",0,0,0,0,0,0,0
"bioplanet_1599_Activation of pro-caspase 8",0,0,0,0,0,0,0
"bioplanet_159_Signal-dependent regulation of myogenesis by corepressor MITR",0,0,0,0,0,0,0
"bioplanet_15_Induction of apoptosis through DR3 and DR4/5 death receptors",0,0,0,0,0,0,0
"bioplanet_1600_NICD trafficking to the nucleus",0,0,0,0,0,0,0
"bioplanet_1603_Nef-mediated CD4 downregulation",0,0,0,0,0,0,0
"bioplanet_1604_Nef-mediated CD8 downregulation",0,0,0,0,0,0,0
"bioplanet_1605_Nef-mediated downregulation of MHC class I complex cell surface expression",0,0,0,0,0,0,0
"bioplanet_1606_Nephrin interactions",0,0,0,0,0,0,0
"bioplanet_1608_Neuronal system",0,0,0,0,0,0,0
"bioplanet_160_ALK in cardiac myocytes",0,0,0,0,0,0,0
"bioplanet_1610_Nitric oxide stimulation of guanylate cyclase",0,0,0,0,0,0,0
"bioplanet_1611_Norepinephrine neurotransmitter release cycle",0,0,0,0,0,0,0
"bioplanet_1612_NrCAM interactions",0,0,0,0,0,0,0
"bioplanet_1613_Nuclear receptor transcription pathway",0,0,0,0,0,0,0
"bioplanet_1614_Activation of the AP-1 family of transcription factors",0,0,0,0,0,0,0
"bioplanet_1615_Oxygen/carbon dioxide exchange in erythrocytes",0,0,0,0,0,0,0
"bioplanet_1616_Other semaphorin interactions",0,0,0,0,0,0,0
"bioplanet_1618_Platelet endothelial cell adhesion molecule 1 (PECAM1) interactions",0,0,0,0,0,0,0
"bioplanet_1619_PERK-regulated gene expression",0,0,0,0,0,0,0
"bioplanet_161_Proteolysis and signaling pathway of Notch",0,0,0,0,0,0,0
"bioplanet_1620_Packaging of telomere ends",0,0,0,0,0,0,0
"bioplanet_1621_Phase I of biological oxidations: functionalization of compounds",0,0,0,0,0,0,0
"bioplanet_1622_Phosphorylation of Emi1",0,0,0,0,0,0,0
"bioplanet_1625_Platelet calcium homeostasis",0,0,0,0,0,0,0
"bioplanet_1626_Platelet homeostasis",0,0,0,0,0,0,0
"bioplanet_1627_Platelet sensitization by LDL",0,0,0,0,0,0,0
"bioplanet_1629_Post-chaperonin tubulin folding pathway",0,0,0,0,0,0,0
"bioplanet_1630_Post-translational protein modification",0,0,0,0,0,0,0
"bioplanet_1631_Potassium channels",0,0,0,0,0,0,0
"bioplanet_1634_Protein folding",0,0,0,0,0,0,0
"bioplanet_1635_RIG-I/MDA5-mediated induction of interferon-alpha/beta pathways",0,0,0,0,0.979643373684674,2.07441944625584,1.39791474589988
"bioplanet_1636_RORA activates circadian expression",0,0,0,0,0,0,0
"bioplanet_1637_RSK activation",0,0,0,0,0,0,0
"bioplanet_1638_Ras activation upon calcium influx through NMDA receptor",0,0,0,0,0,0,0
"bioplanet_1639_Initiation of the second proteolytic cleavage of Notch receptor by receptor-ligand binding",0,0,0,0,0,0,0
"bioplanet_163_Oxidative stress-induced gene expression via Nrf2",0,0,0,0,0,0,0
"bioplanet_1640_Recruitment of NuMA to mitotic centrosomes",0,0,0,0,0,0,0
"bioplanet_1641_Recycling of eIF2-GDP complex",0,0,0,0,0,0,0
"bioplanet_1642_Recycling pathway of cell adhesion molecule L1",0,0,0,0,0,0,0
"bioplanet_1643_Reduction of cytosolic calcium levels",0,0,0,0,0,0,0
"bioplanet_1644_Complement cascade regulation",0,0,0,0,0,0,0
"bioplanet_1645_Gene expression regulation by hypoxia-inducible factor",0,0,0,0,0,0,0
"bioplanet_1646_Insulin secretion regulation by acetylcholine",0,0,0,0,0,0,0
"bioplanet_1647_Insulin secretion regulation by fatty acids bound to GPR40 (FFAR1)",0,0,0,0,0,0,0
"bioplanet_1648_Insulin secretion regulation by glucagon-like peptide-1",0,0,0,0,0,0,0
"bioplanet_1649_Insulin-like growth factor (IGF) activity regulation by insulin-like growth factor binding proteins (IGFBPs)",0,0,0,0,0,0,0
"bioplanet_164_CARM1 and regulation of the estrogen receptor",0,0,0,0,0,0,0
"bioplanet_1650_Pancreatic beta-cell development regulation",0,0,0,0,0,0,0
"bioplanet_1651_Cytoskeletal remodeling regulation and cell spreading by IPP complex components",0,0,0,0,0,0,0
"bioplanet_1656_Fanconi anemia pathway regulation",0,0,0,0,0,0,0
"bioplanet_1657_Resolution of AP sites via the single-nucleotide replacement pathway",0,0,0,0,0,0,0
"bioplanet_1658_Resolution of abasic sites (AP sites)",0,0,0,0,0,0,0
"bioplanet_165_MAP kinase inactivation of SMRT corepressor",0,0,0,0,0,0,0
"bioplanet_1660_Response to elevated platelet cytosolic calcium",0,0,0,0,0,0,0
"bioplanet_1662_Sema3A/PAK-dependent axon repulsion",0,0,0,0,0,0,0
"bioplanet_1663_ERK1/ERK2 MAPK pathway",0,0,0,0,0,0,0
"bioplanet_1664_JNK/MAPK pathway",0,0,0,0,0,0,0
"bioplanet_1666_cAMP receptor, G-protein-independent pathways inferred from amoeba model",0,0,0,0,0,0,0
"bioplanet_1667_Granule cell survival pathway",0,0,0,0,0,0,0
"bioplanet_1668_Wnt/calcium/cyclic GMP pathway",0,0,0,0,0,0,0
"bioplanet_1669_Epidermal growth factor receptor (EGFR) pathway",0,0,0,0,0,0,0
"bioplanet_166_eIF2 regulation",0,0,0,0,0,0,0
"bioplanet_1670_Fibroblast growth factor receptor pathway",0,0,0,0,0,0,0
"bioplanet_1671_HIF-1 degradation in normoxia",0,0,0,0,0,0,0
"bioplanet_1672_PI3K class IB pathway",0,0,0,0,0,0,0
"bioplanet_1673_PI3K class IB pathway in neutrophils",0,0,0,0,0,0,0
"bioplanet_1674_Cell differentiation by G alpha (i/o) pathway inferred from mouse Neuro2A model",0,0,0,0,0,0,0
"bioplanet_1675_Interleukin-1 signaling pathway",0,0,0,0,0,0,1.2686309483204
"bioplanet_1676_Interleukin-1-beta (IL-1b) processing pathway",0,0,0,0,0,0,0
"bioplanet_1678_PI3K pathway",0,0,0,0,0,0,0
"bioplanet_1679_G alpha s pathway",0,0,0,0,0,0,0
"bioplanet_167_Eukaryotic protein translation",0,0,0,0,0,0,0
"bioplanet_1680_G alpha q pathway",0,0,0,0,0,0,0
"bioplanet_1682_Estrogen receptor transcription factor targets",0,0,0,0,0,0,0
"bioplanet_1683_Tumor necrosis factor (TNF) pathway",0,0,0,0,0,0,0
"bioplanet_1684_G alpha i pathway",0,0,0,0,0,0,0
"bioplanet_1687_cAMP cell motility pathway inferred from amoeba model",0,0,0,0,0,0,0
"bioplanet_1688_G alpha 12 pathway",0,0,0,0,0,0,0
"bioplanet_1689_Differentiation pathway in PC12 cells",0,0,0,0,0,0,0
"bioplanet_168_NFAT involvement in hypertrophy of the heart",0,0,0,0,0,0,0
"bioplanet_1690_PAC1 receptor pathway",0,0,0,0,0,0,0
"bioplanet_1691_Type I interferon (interferon-alpha/beta) pathway",0,0,0,0,0,0,0
"bioplanet_1692_Adrenergic pathway",0,0,0,0,0,0,0
"bioplanet_1693_G alpha 13 pathway",0,0,0,0,0,0,0
"bioplanet_1694_Myocyte adrenergic pathway",0,0,0,0,0,0,0
"bioplanet_1695_STAT3 pathway",0,0,0,0,0,0,0
"bioplanet_1698_Translation factors",0,0,0,0,0,0,0
"bioplanet_1699_Non-class A, B, C GPCRs",0,0,0,0,0,0,0
"bioplanet_169_NF-kappaB signaling pathway",0,0,0,0,0,0,0
"bioplanet_16_Apoptotic DNA fragmentation and tissue homeostasis",0,0,0,0,0,0,0
"bioplanet_1700_Matrix metalloproteinases",0,0,0,0,0,0,0
"bioplanet_1702_Fatty acid beta oxidation",0,0,0,0,0,0,0
"bioplanet_1704_Selenium pathway",0,0,0,0,0,0,0
"bioplanet_1705_Physiological and pathological hypertrophy  of the heart",0,0,0,0,0,0,0
"bioplanet_1707_Angiogenesis",0,0,0,0,0,0,0
"bioplanet_1708_Heart development",0,0,0,0,0,0,0
"bioplanet_1709_Fluoropyrimidine activity",0,0,0,0,0,0,0
"bioplanet_1710_Nicotine activity on dopaminergic neurons",0,0,0,0,0,0,0
"bioplanet_1712_Nuclear receptors",0,0,0,0,0,0,0
"bioplanet_1714_TP53 network",0,0,0,0,0,0,0
"bioplanet_1716_SRF and microRNAs in smooth muscle differentiation and proliferation",0,0,0,0,0,0,0
"bioplanet_1718_MAPK cascade role in angiogenesis",0,0,0,0,0,0,0
"bioplanet_1719_Nitric oxide effects",0,0,0,0,0,0,0
"bioplanet_171_Chromatin remodeling by nuclear receptors to facilitate initiation of transcription in carcinoma cells",0,0,0,0,0,0,0
"bioplanet_1725_SREBF and miR-33 in cholesterol and lipid homeostasis",0,0,0,0,0,0,0
"bioplanet_1726_MicroRNAs in muscle cell differentiation",0,0,0,0,0,0,0
"bioplanet_1727_Cell differentiation pathway",0,0,0,0,0,0,0
"bioplanet_1729_Fatty acid omega oxidation",0,0,0,0,0,0,0
"bioplanet_172_Acetylation and deacetylation of RelA in the nucleus",0,0,0,0,0,0,0
"bioplanet_1730_Neural crest differentiation",0,0,0,0,0,0,0
"bioplanet_1731_Irinotecan pathway",0,0,0,0,0,0,0
"bioplanet_1732_Adipogenesis",0,0,0,0,0,0,0
"bioplanet_1734_Small ligand GPCRs",0,0,0,0,0,0,0
"bioplanet_1736_Blood clotting cascade",0,0,0,0,0,0,0
"bioplanet_1737_NOD-like receptor (NLR) proteins",0,0,0,0,0,0,0
"bioplanet_1738_Myometrial relaxation and contraction pathways",0,0,0,0,0,0,0
"bioplanet_1739_Keap1-Nrf2 pathway",0,0,0,0,0,0,0
"bioplanet_1740_FAS pathway and stress induction of heat shock protein regulation",0,0,0,0,0,0,0
"bioplanet_1742_Ovarian infertility genes",0,0,0,0,0,0,0
"bioplanet_1743_Mitochondrial fatty acid beta-oxidation",0,0,0,0,0,0,0
"bioplanet_1744_Striated muscle contraction",0,0,0,0,0,0,0
"bioplanet_1745_Mitochondrial gene expression",0,0,0,0,0,0,0
"bioplanet_1746_Eukaryotic transcription initiation",0,0,0,0,0,0,0
"bioplanet_1747_Oxidative stress",0,0,0,0,0,0,0
"bioplanet_1749_Cytochrome P450 pathway",0,0,0,0,0,0,0
"bioplanet_174_PGC-1a regulation",0,0,0,0,0,0,0
"bioplanet_1750_Statin pathway",0,0,0,0,0,0,0
"bioplanet_1752_Inflammatory response pathway",0,0,0,0,0,0,0
"bioplanet_1753_Class A GPCRs (rhodopsin-like)",0,0,0,0,0,0,0
"bioplanet_1754_Endochondral ossification",0,0,0,0,0,0,0
"bioplanet_1756_Class C GPCRs (metabotropic glutamate and pheromone receptors)",0,0,0,0,0,0,0
"bioplanet_1757_Hypertrophy pathway",0,0,0,0,0,0,0
"bioplanet_175_CREB transcription factor and its extracellular signals",0,0,0,0,0,0,0
"bioplanet_1760_Calcium regulation in the cardiac cell",0,0,0,0,0,0,0
"bioplanet_1761_Complement activation, classical pathway",0,0,0,0,0,0,0
"bioplanet_1762_ACE inhibitor pathway",0,0,0,0,0,0,0
"bioplanet_1763_Senescence and autophagy",0,0,0,0,0,0,0
"bioplanet_1764_Arachidonate epoxygenase/epoxide hydrolase pathway",0,0,0,0,0,0,0
"bioplanet_1767_Sulfation biotransformation reaction",0,0,0,0,0,0,0
"bioplanet_1768_Glucuronidation",0,0,0,0,0,0,0
"bioplanet_1769_Metapathway biotransformation",0,0,0,0,0,0,0
"bioplanet_176_Repression of pain sensation by the transcriptional regulator DREAM",0,0,0,0,0,0,0
"bioplanet_1771_SIDS susceptibility pathways",0,0,0,0,0,0,0
"bioplanet_1772_Serotonin HTR1 group and FOS pathway",0,0,0,0,0,0,0
"bioplanet_1774_Nucleotide G-protein coupled receptors (GPCRs)",0,0,0,0,0,0,0
"bioplanet_177_Angiotensin II-mediated activation of JNK pathway via Pyk2-dependent signaling",0,0,0,0,0,0,0
"bioplanet_178_Pertussis toxin-insensitive CCR5 signaling in macrophage",0,0,0,0,0,0,0
"bioplanet_179_Inactivation of GSK3 by Akt causes accumulation of beta-catenin in alveolar macrophages",0,0,0,0,0,0,0
"bioplanet_17_HIV-1 Nef as negative effector of Fas and TNF",0,0,0,0,0,0,0
"bioplanet_180_B cell survival pathway",0,0,0,0,0,0,0
"bioplanet_181_Cadmium-induced DNA biosynthesis and proliferation in macrophages",0,0,0,0,0,0,0
"bioplanet_182_Inhibition of T cell receptor signaling by activated Csk",0,0,0,0,0,0,0
"bioplanet_183_Fc epsilon receptor I signaling in mast cells",0,0,0,0,0,0,0
"bioplanet_184_Human cytomegalovirus and MAP kinase pathways",0,0,0,0,0,0,0
"bioplanet_185_MSP/RON receptor signaling pathway",0,0,0,0,0,0,0
"bioplanet_187_Visceral fat deposits and the metabolic syndrome",0,0,0,0,0,0,0
"bioplanet_188_MAP kinase downregulation by phosphorylation of MEK1 by Cdk5/p35",0,0,0,0,0,0,0
"bioplanet_189_Parkin role in the ubiquitin-proteasomal pathway",0,0,0,0,0,0,0
"bioplanet_18_Mitochondrial role in apoptotic signaling",0,0,0,0,0,0,0
"bioplanet_191_TrkA receptor signaling pathway",0,0,0,0,0,0,0
"bioplanet_192_Visual signal transduction",0,0,0,0,0,0,0
"bioplanet_193_Reelin signaling pathway",0,0,0,0,0,0,0
"bioplanet_194_Oocyte meiosis",0,0,0,0,0,0,0
"bioplanet_195_p53 activity regulation",0,0,0,0,0,0,0
"bioplanet_196_Actin cytoskeleton regulation",0,0,0,0,0,0,0
"bioplanet_197_Focal adhesion",0,0,0,0,0,0,0
"bioplanet_198_Adherens junction cell adhesion",0,0,0,0,0,0,0
"bioplanet_199_Tight junction",0,0,0,0,0,0,0
"bioplanet_19_Caspase cascade in apoptosis",0,0,0,0,0,0,0
"bioplanet_1_Inhibition of matrix metalloproteinases",0,0,0,0,0,0,0
"bioplanet_200_Gap junction pathway",0,0,0,0,0,0,0
"bioplanet_201_Autophagy regulation",0,0,0,0,0,0,0
"bioplanet_202_Lysosome",0,0,0,0,0,0,0
"bioplanet_203_Endocytosis",0,0,0.602227978404103,0,0,0.602227978404103,0
"bioplanet_204_Phagosome",0,0,0,0,0,0,0.809090804535772
"bioplanet_205_Peroxisome",0,0,0,0,0,0,0
"bioplanet_206_GATA3-mediated activation of Th2 cytokine expression",0,0,0,0,0,0,0
"bioplanet_207_Hematopoiesis regulation by cytokines",0,0,0,0,0,0,0
"bioplanet_208_CCR3 signaling in eosinophils",0,0,0,0,0,0,0
"bioplanet_209_Dendritic cells in regulating TH1 and TH2 development",0,0,0,0,0,0,0
"bioplanet_20_Stress induction of HSP regulation",0,0,0,0,0,0,0
"bioplanet_210_CD40L signaling pathway",0,0,0,0,0,0,0
"bioplanet_214_Segmentation clock",0,0,0,0,0,0,0
"bioplanet_217_CTCF pathway",0,0,0,0,0,0,0
"bioplanet_218_PRC2 complex long-term gene silencing through modification of histone tails",0,0,0,0,0,0,0
"bioplanet_219_Multi-step regulation of transcription by PITX2",0,0,0,0,0,0,0
"bioplanet_21_Nicotinic acetylcholine receptor role in the regulation of apoptosis",0,0,0,0,0,0,0
"bioplanet_220_Effect of METS on macrophage differentiation",0,0,0,0,0,0,0
"bioplanet_221_IGF-1 receptor and longevity",0,0,0,0,0,0,0
"bioplanet_222_Vitamin C in the brain",0,0,0,0,0,0,0
"bioplanet_223_Lissencephaly gene (LIS1) in neuronal migration and development",0,0,0,0,0,0,0
"bioplanet_225_ABC transporters",0,0,0,0,0,0,0
"bioplanet_226_MAPK signaling pathway",0,0,0,0,0,0,0
"bioplanet_227_ERBB signaling pathway",0,0,0,0,0,0,0
"bioplanet_228_Calcium signaling pathway",0,0,0,0,0,0,0
"bioplanet_229_Phosphatidylinositol signaling system",0,0,0,0,0,0,0
"bioplanet_22_PTEN-dependent cell cycle arrest and apoptosis",0,0,0,0,0,0,0
"bioplanet_230_Wnt signaling pathway",0,0,0,0,0,0,0
"bioplanet_231_Hedgehog signaling pathway",0,0,0,0,0,0,0
"bioplanet_232_TGF-beta regulation of skeletal system development",0,0,0,0,0,0,0
"bioplanet_233_VEGF signaling pathway",0,0,0,0,0,0,0
"bioplanet_234_Jak-STAT signaling pathway",0,0,0,0,0,0,0
"bioplanet_235_Cytokine-cytokine receptor interaction",0,0,0,0,0,0,0
"bioplanet_236_Neuroactive ligand-receptor interaction",0,0,0,0,0,0,0
"bioplanet_237_ECM-receptor interaction",0,0,0,0,0,0,0
"bioplanet_238_Cell adhesion molecules (CAMs)",0,0,1.13046484305991,1.39791474589988,0,0.602227978404103,0
"bioplanet_23_Rb tumor suppressor/checkpoint signaling in response to DNA damage",0,0,0,0,0,0,0
"bioplanet_240_SUMOylation as a mechanism to modulate CtBP-dependent gene responses",0,0,0,0,0,0,0
"bioplanet_242_Polyadenylation of mRNA",0,0,0,0,0,0,0
"bioplanet_243_Internal ribosome entry pathway",0,0,0,0,0,0,0
"bioplanet_244_Downregulation of MTA-3 in ER-negative breast tumors",0,0,0,0,0,0,0
"bioplanet_246_Transcriptional activity regulation by PML",0,0,0,0,0,0,0
"bioplanet_247_PPAR-gamma coactivator role in obesity and thermogenesis",0,0,0,0,0,0,0
"bioplanet_248_Double stranded RNA-induced gene expression",0,0,0,0,0,0,0
"bioplanet_249_E2F1 destruction pathway",0,0,0,0,0,0,0
"bioplanet_24_Hypoxia and p53 in the cardiovascular system",0,0,0,0,0,0,0
"bioplanet_250_Spliceosomal assembly",0,0,0,0,0,0,0
"bioplanet_251_Telomerase RNA component gene hTERC transcriptional regulation",0,0,0,0,0,0,0
"bioplanet_252_Control of gene expression by vitamin D receptor",0,0,0,0,0,0,0
"bioplanet_253_Telomerase protein component gene hTERT transcriptional regulation",0,0,0,0,0,0,0
"bioplanet_254_SUMOylation by RanBP2 regulates transcriptional repression",0,0,0,0,0,0,0
"bioplanet_256_SREBP control of lipid biosynthesis",0,0,0,0,0,0,0
"bioplanet_258_RNA polymerase",0,0,0,0,0,0,0
"bioplanet_259_Basal transcription factors",0,0,0,0,0,0,0
"bioplanet_25_BAD phosphorylation regulation",0,0,0,0,0,0,0
"bioplanet_260_Spliceosome",0,0,0,0,0,0,0
"bioplanet_261_RNA degradation",0,0,0,0,0,0,0
"bioplanet_262_Protein export",0,0,0,0,0,0,0
"bioplanet_263_Ubiquitin-mediated proteolysis",0,0,0,0,0,0,0
"bioplanet_264_SNARE interactions in vesicular transport",0,0,0,0,0,0,0
"bioplanet_265_Protein processing in the endoplasmic reticulum",0,0,0,0,0,0,0
"bioplanet_266_Base excision repair",0,0,0,0,0,0,0
"bioplanet_267_Mismatch repair",0,0,0,0,0,0,0
"bioplanet_268_Homologous recombination",0,0,0,0,0,0,0
"bioplanet_269_Non-homologous end-joining (NHEJ) pathway",0,0,0,0,0,0,0
"bioplanet_26_D4-GDI signaling pathway",0,0,0,0,0,0,0
"bioplanet_270_RNA polymerase III transcription",0,0,0,0,0,0,0
"bioplanet_271_Integrin signaling pathway",0,0,0,0,0,0,0
"bioplanet_272_Signaling of hepatocyte growth factor receptor",0,0,0,0,0,0,0
"bioplanet_273_Nuclear receptors in lipid metabolism and toxicity",0,0,0,0,0,0,0
"bioplanet_274_TGF-beta signaling pathway",0,0,0,0,0,0,0
"bioplanet_276_Alpha-hemoglobin stabilizing enzyme (AHSP) pathway",0,0,0,0,0,0,0
"bioplanet_277_Erythrocyte differentiation pathway",0,0,0,0,0,0,0
"bioplanet_278_Bone mineralization regulation",0,0,0,0,0,0,0
"bioplanet_279_Pathways in cancer",0,0,0,0.289473365907494,0,0.289473365907494,0.602227978404103
"bioplanet_27_BAD phosphorylation mediated by IGF1R signaling",0,0,0,0,0,0,0
"bioplanet_280_Colorectal cancer",0,0,0,0,0,0,0
"bioplanet_281_Renal cell carcinoma",0,0,0,0,0,0,0
"bioplanet_282_Pancreatic cancer",0,0,0,0,0,0,0
"bioplanet_283_Endometrial cancer",0,0,0,0,0,0,0
"bioplanet_284_Glioma",0,0,0,0,0,0,0
"bioplanet_285_Prostate cancer",0,0,0,0,0,0,0.602227978404103
"bioplanet_286_Thyroid cancer",0,0,0,0,0,0,0
"bioplanet_287_Basal cell carcinoma",0,0,0,0,0,0,0
"bioplanet_288_Melanoma",0,0,0,0,0,0,0
"bioplanet_289_Bladder cancer",0,0,0,0,0,0,0
"bioplanet_28_SODD/TNFR1 signaling pathway",0,0,0,0,0,0,0
"bioplanet_290_Chronic myeloid leukemia",0,0,0,0,0,0,0
"bioplanet_291_Acute myeloid leukemia",0,0,0,0,0,0,0
"bioplanet_292_Small cell lung cancer",0,0,0,0,0,0,0
"bioplanet_293_Non-small cell lung cancer",0,0,0,0,0,0,0
"bioplanet_294_Arrhythmogenic right ventricular cardiomyopathy (ARVC)",0,0,0,0,0,0,0
"bioplanet_295_Dilated cardiomyopathy",0,0,0,0,0,0,0
"bioplanet_296_Viral myocarditis",0,0,0.602227978404103,0,0,1.39791474589988,0.602227978404103
"bioplanet_297_Type 2 diabetes mellitus",0,0,0,0,0,0,0
"bioplanet_298_Type 1 diabetes mellitus",0,0,0,1.13046484305991,0,1.2686309483204,0
"bioplanet_299_Maturity onset diabetes of the young",0,0,0,0,0,0,0
"bioplanet_29_TSP1-induced apoptosis in microvascular endothelial cell",0,0,0,0,0,0,0
"bioplanet_2_Mu-calpain pathway",0,0,0,0,0,0,0
"bioplanet_300_Asthma",0,0,0,0,0,0,0
"bioplanet_301_Autoimmune thyroid disease",0,0,0,0.809090804535772,0,1.2686309483204,0
"bioplanet_302_Systemic lupus erythematosus",0,0,0,0,0,0,0
"bioplanet_303_Allograft rejection",0,0,0,0.979643373684674,0,1.2686309483204,0
"bioplanet_304_Graft-versus-host disease",0,0,0,0,0,1.63817112086772,0
"bioplanet_305_Primary immunodeficiency",0,0,0,0,0,0,0
"bioplanet_306_Bacterial invasion of epithelial cells",0,0,0,0,0,0,0
"bioplanet_307_Vibrio cholerae infection",0,0,0,0,0,0,0
"bioplanet_308_Epithelial cell signaling in Helicobacter pylori infection",0,0,0,0,0,0,0.979643373684674
"bioplanet_309_Pathogenic Escherichia coli infection",0,0,0,0,0,0,0
"bioplanet_30_TNFR1 signaling pathway",0,0,0,0,0,0,0
"bioplanet_310_Shigellosis",0,0,0,0,0,0,0
"bioplanet_311_Leishmaniasis",0,0,0,0,0,0,0
"bioplanet_312_Chagas disease",0,0,0,0,0,0,0.602227978404103
"bioplanet_313_Malaria",0,0,0,0,0,0,0
"bioplanet_314_Amoebiasis",0,0,0,0,0,0,0
"bioplanet_315_Alzheimer's disease",0,0,0,0,0,0,0
"bioplanet_316_Parkinson's disease",0,0,0,0,0,0,0
"bioplanet_317_Amyotrophic lateral sclerosis (ALS)",0,0,0,0,0,0,0
"bioplanet_318_Huntington's disease",0,0,0,0,0,0,0
"bioplanet_319_Prion diseases",0,0,0,0,0,0,0
"bioplanet_31_MEF2D role in T cell apoptosis",0,0,0,0,0,0,0
"bioplanet_321_Bystander B cell activation",0,0,0,0,0,0,0
"bioplanet_322_B lymphocyte cell surface molecules",0,0,0,0,0,0,0
"bioplanet_324_CTL mediated immune response against target cells",0,0,0,0,0,0,0
"bioplanet_325_Cells and molecules involved in local acute inflammatory response",0,0,0,0,0,0,0
"bioplanet_326_Monocyte and its surface molecules",0,0,0,0,0,0,0
"bioplanet_327_SARS coronavirus protease",0,0,0,0,0,0,0
"bioplanet_329_T helper cell surface molecules",0,0,0,0,0,0,0
"bioplanet_330_Ras-independent pathway in NK cell-mediated cytotoxicity",0,0,0,0,0,0,0
"bioplanet_332_Alternative complement pathway",0,0,0,0,0,0,0
"bioplanet_333_Salmonella infection",0,0,0,0,0,0,0
"bioplanet_334_West Nile virus infection",0,0,0,0,0,0,0
"bioplanet_336_Alanine, aspartate and glutamate metabolism",0,0,0,0,0,0,0
"bioplanet_337_Glycine, serine and threonine metabolism",0,0,0,0,0,0,0
"bioplanet_338_Cysteine and methionine metabolism",0,0,0,0,0,0,0
"bioplanet_339_Valine, leucine and isoleucine degradation",0,0,0,0,0,0,0
"bioplanet_33_Inhibition of activated T cell apoptosis by neuropeptides VIP and PACAP",0,0,0,0,0,0,0
"bioplanet_340_Valine, leucine and isoleucine biosynthesis",0,0,0,0,0,0,0
"bioplanet_342_Lysine degradation",0,0,0,0,0,0,0
"bioplanet_343_Arginine and proline metabolism",0,0,0,0,0,0,0
"bioplanet_344_Histidine metabolism",0,0,0,0,0,0,0
"bioplanet_345_Tyrosine metabolism",0,0,0,0,0,0,0
"bioplanet_346_Phenylalanine metabolism",0,0,0,0,0,0,0
"bioplanet_348_Ubiquinone and other terpenoid-quinone biosynthesis",0,0,0,0,0,0,0
"bioplanet_34_HIV-induced T cell apoptosis",0,0,0,0,0,0,0
"bioplanet_350_Thiamine metabolism",0,0,0,0,0,0,0
"bioplanet_351_Riboflavin metabolism",0,0,0,0,0,0,0
"bioplanet_353_Nicotinate and nicotinamide metabolism",0,0,0,0,0,0,0
"bioplanet_354_Pantothenate and CoA biosynthesis",0,0,0,0,0,0,0
"bioplanet_357_Folate biosynthesis",0,0,0,0,0,0,0
"bioplanet_358_Retinol metabolism",0,0,0,0,0,0,0
"bioplanet_359_Porphyrin and chlorophyll metabolism",0,0,0,0,0,0,0
"bioplanet_35_Free radical-induced apoptosis",0,0,0,0,0,0,0
"bioplanet_362_Glycolysis and gluconeogenesis",0,0,0,0,0,0,0
"bioplanet_363_Tricarboxylic acid (TCA) cycle",0,0,0,0,0,0,0
"bioplanet_364_Pentose phosphate pathway",0,0,0,0,0,0,0
"bioplanet_365_Pentose and glucuronate interconversions",0,0,0,0,0,0,0
"bioplanet_366_Fructose and mannose metabolism",0,0,0,0,0,0,0
"bioplanet_367_Galactose metabolism",0,0,0,0,0,0,0
"bioplanet_368_Ascorbate and aldarate metabolism",0,0,0,0,0,0,0
"bioplanet_369_Starch and sucrose metabolism",0,0,0,0,0,0,0
"bioplanet_36_Acute myocardial infarction",0,0,0,0,0,0,0
"bioplanet_370_Amino sugar and nucleotide sugar metabolism",0,0,0,0,0,0,0
"bioplanet_371_Inositol phosphate metabolism",0,0,0,0,0,0,0
"bioplanet_372_Pyruvate metabolism",0,0,0,0,0,0,0
"bioplanet_373_Glyoxylate and dicarboxylate metabolism",0,0,0,0,0,0,0
"bioplanet_374_Propanoate metabolism",0,0,0,0,0,0,0
"bioplanet_375_Butanoate metabolism",0,0,0,0,0,0,0
"bioplanet_376_Oxidative phosphorylation",0,0,0,0,0,0,0
"bioplanet_377_Nitrogen metabolism",0,0,0,0,0,0,0
"bioplanet_378_Sulfur metabolism",0,0,0,0,0,0,0
"bioplanet_379_Metabolism",0,0,0,0,0,0,0
"bioplanet_380_N-glycan biosynthesis",0,0,0,0,0,0,0
"bioplanet_381_Other glycan degradation",0,0,0,0,0,0,0
"bioplanet_382_O-glycan biosynthesis",0,0,0,0,0,0,0
"bioplanet_384_Glycosaminoglycan degradation",0,0,0,0,0,0,0
"bioplanet_385_Glycosaminoglycan biosynthesis: chondroitin sulfate",0,0,0,0,0,0,0
"bioplanet_386_Glycosaminoglycan biosynthesis: keratan sulfate",0,0,0,0,0,0,0
"bioplanet_387_Glycosaminoglycan biosynthesis: heparan sulfate",0,0,0,0,0,0,0
"bioplanet_388_Glycosphingolipid biosynthesis: lacto and neolacto series",0,0,0,0,0,0,0
"bioplanet_389_Glycosphingolipid biosynthesis: globo series",0,0,0,0,0,0,0
"bioplanet_38_Proepithelin conversion to epithelin and wound repair control",0,0,0,0,0,0,0
"bioplanet_390_Glycosphingolipid biosynthesis: ganglio series",0,0,0,0,0,0,0
"bioplanet_391_Fatty acid elongation in mitochondria",0,0,0,0,0,0,0
"bioplanet_392_Fatty acid metabolism",0,0,0,0,0,0,0
"bioplanet_393_Ketone body biosynthesis and degradation",0,0,0,0,0,0,0
"bioplanet_394_Steroid biosynthesis",0,0,0,0,0,0,0
"bioplanet_395_Primary bile acid biosynthesis",0,0,0,0,0,0,0
"bioplanet_396_Steroid hormone biosynthesis",0,0,0,0,0,0,0
"bioplanet_397_Glycerolipid metabolism",0,0,0,0,0,0,0
"bioplanet_398_Glycerophospholipid metabolism",0,0,0,0,0,0,0
"bioplanet_399_Ether lipid metabolism",0,0,0,0,0,0,0
"bioplanet_3_AKT signaling pathway",0,0,0,0,0,0,0
"bioplanet_400_Arachidonic acid metabolism",0,0,0,0,0,0,0
"bioplanet_401_Linoleic acid metabolism",0,0,0,0,0,0,0
"bioplanet_402_Alpha-linolenic acid metabolism",0,0,0,0,0,0,0
"bioplanet_403_Biosynthesis of unsaturated fatty acids",0,0,0,0,0,0,0
"bioplanet_404_Beta-alanine metabolism",0,0,0,0,0,0,0
"bioplanet_405_Taurine and hypotaurine metabolism",0,0,0,0,0,0,0
"bioplanet_406_Selenoamino acid metabolism",0,0,0,0,0,0,0
"bioplanet_407_Cyanoamino acid metabolism",0,0,0,0,0,0,0
"bioplanet_409_Glutathione metabolism",0,0,0,0,0,0,0
"bioplanet_40_Inhibition of platelet activation by aspirin",0,0,0,0,0,0,0
"bioplanet_410_Terpenoid backbone biosynthesis",0,0,0,0,0,0,0
"bioplanet_411_Purine metabolism",0,0,0.289473365907494,0,0,0,0
"bioplanet_412_Pyrimidine metabolism",0,0,0,0,0,0,0
"bioplanet_413_Drug metabolism: cytochrome P450",0,0,0,0,0,0,0
"bioplanet_414_Drug metabolism: other enzymes",0,0,0,0,0,0,0
"bioplanet_418_Glycosylation of mammalian N-linked oligosaccarides",0,0,0,0,0,0,0
"bioplanet_419_ChREBP regulation by carbohydrates and cAMP",0,0,0,0,0,0,0
"bioplanet_41_Basic mechanisms of SUMOylation",0,0,0,0,0,0,0
"bioplanet_421_FYVE-finger proteins in vesicle transport",0,0,0,0,0,0,0
"bioplanet_422_Eicosanoid metabolism",0,0,0,0,0,0,0
"bioplanet_423_ER-associated degradation (ERAD) pathway",0,0,0,0,0,0,0
"bioplanet_424_Electron transport reaction in mitochondria",0,0,0,0,0,0,0
"bioplanet_425_Extrinsic prothrombin activation pathway",0,0,0,0,0,0,0
"bioplanet_426_Ghrelin-mediated regulation of food intake and energy homeostasis",0,0,0,0,0,0,0
"bioplanet_428_Low-density lipoprotein (LDL) pathway during atherogenesis",0,0,0,0,0,0,0
"bioplanet_42_Actions of nitric oxide in the heart",0,0,0,0,0,0,0
"bioplanet_430_Shuttle for transfer of acetyl groups from mitochondria to the cytosol",0,0,0,0,0,0,0
"bioplanet_431_Mechanism of protein import into the nucleus",0,0,0,0,0,0,0
"bioplanet_432_Platelet amyloid precursor protein pathway",0,0,0,0,0,0,0
"bioplanet_433_Rab GTPases mark targets in the endocytotic machinery",0,0,0,0,0,0,0
"bioplanet_434_Prothrombin activation intrinsic pathway",0,0,0,0,0,0,0
"bioplanet_435_Fibrinolysis pathway",0,0,0,0,0,0,0
"bioplanet_436_Anandamide metabolism",0,0,0,0,0,0,0
"bioplanet_439_Gamma-aminobutyric acid receptor life cycle",0,0,0,0,0,0,0
"bioplanet_43_Activation of Src by protein tyrosine phosphatase alpha",0,0,0,0,0,0,0
"bioplanet_440_Endocytotic role of NDK, phosphins and dynamin",0,0,0,0,0,0,0
"bioplanet_441_Deregulation of CDK5 in Alzheimer's disease",0,0,0,0,0,0,0
"bioplanet_442_Synaptic proteins at the synaptic junction",0,0,0,0,0,0,0
"bioplanet_443_Prion pathway",0,0,0,0,0,0,0
"bioplanet_444_Cardiac muscle contraction",0,0,0,0,0,0,0
"bioplanet_445_Vascular smooth muscle contraction",0,0,0,0,0,0,0
"bioplanet_446_Dorso-ventral axis formation",0,0,0,0,0,0,0
"bioplanet_447_Salivary secretion",0,0,0,0,0,0,0
"bioplanet_448_Gastric acid secretion",0,0,0,0,0,0,0
"bioplanet_449_Pancreatic secretion",0,0,0,0,0,0,0
"bioplanet_44_AKAP95 role in mitosis and chromosome dynamics",0,0,0,0,0,0,0
"bioplanet_450_PPAR signaling pathway",0,0,0,0,0,0,0
"bioplanet_451_Renin-angiotensin system",0,0,0,0,0,0,0
"bioplanet_453_GnRH signaling pathway",0,0,0,0,0,0,0
"bioplanet_454_Progesterone-mediated oocyte maturation",0,0,0,0,0,0,0
"bioplanet_455_Melanogenesis",0,0,0,0,0,0,0
"bioplanet_456_Adipocytokine signaling pathway",0,0,0,0,0,0,0
"bioplanet_458_Aldosterone-regulated sodium reabsorption",0,0,0,0,0,0,0
"bioplanet_459_Vasopressin-regulated water reabsorption",0,0,0,0,0,0,0
"bioplanet_45_Y branching of actin filaments",0,0,0,0,0,0,0
"bioplanet_460_Proximal tubule bicarbonate reclamation",0,0,0,0,0,0,0
"bioplanet_461_Collecting duct acid secretion",0,0,0,0,0,0,0
"bioplanet_462_Chemokine signaling pathway",0,0,0,0,0,0,0
"bioplanet_463_Complement and coagulation cascades",0,0,0,0,0,0,0
"bioplanet_464_Antigen processing and presentation",0,0,0,1.2686309483204,0,0,0.289473365907494
"bioplanet_465_NOD signaling pathway",0,0,0,0,0,0,0
"bioplanet_466_RIG-I-like receptor signaling pathway",0,0,0,0,1.63817112086772,1.39791474589988,0
"bioplanet_467_Cytosolic DNA-sensing pathway",0,0,0,0,0,0,0
"bioplanet_468_Hematopoietic cell lineage",0,0,0,0,0,0,0
"bioplanet_469_Natural killer cell-mediated cytotoxicity",0,0,0,0,0,0,0
"bioplanet_46_Selective expression of chemokine receptors during T-cell polarization",0,0,0,0,0,0,0
"bioplanet_470_T cell receptor signaling pathway",0,0,0,0.809090804535772,0,0,0
"bioplanet_471_Fc epsilon receptor I signaling pathway",0,0,0,0,0,0,0
"bioplanet_472_Fc gamma receptor-mediated phagocytosis",0,0,0,0,0,0,0
"bioplanet_473_Leukocyte transendothelial migration",0,0,0,0,0,0,0
"bioplanet_474_Intestinal immune network for IgA production",0,0,0,0,0,0,0
"bioplanet_475_Long-term potentiation",0,0,0,0,0,0,0
"bioplanet_476_Neurotrophin signaling pathway",0,0,0,0,0,0,0
"bioplanet_477_Long-term depression",0,0,0,0,0,0,0
"bioplanet_478_Olfactory transduction",0,0,0,0,0,0,0
"bioplanet_479_Taste transduction",0,0,0,0,0,0,0
"bioplanet_47_NO2-dependent IL-12 pathway in NK cells",0,0,0,0,0,0,0
"bioplanet_480_Phototransduction",0,0,0,0,0,0,0
"bioplanet_481_Notch signaling pathway",0,0,0,0,0,0,0
"bioplanet_482_Fanconi anemia pathway",0,0,0,0,0,0,0
"bioplanet_483_Nucleotide excision repair",0,0,0,0,0,0,0
"bioplanet_484_Tryptophan metabolism",0,0,0,0,0,0,0
"bioplanet_485_Sphingolipid metabolism",0,0,0,0,0,0,0
"bioplanet_486_Fatty acid biosynthesis",0,0,0,0,0,0,0
"bioplanet_488_Estrogen receptor signaling pathway",0,0,0,0,0,0,0
"bioplanet_489_Antigen-activated B-cell receptor generation of second messengers",0,0,0,0,0,0,0
"bioplanet_48_Nerve growth factor (NGF) pathway",0,0,0,0,0,0,0
"bioplanet_490_Signaling events mediated by PRL",0,0,0,0,0,0,0
"bioplanet_491_Signaling events mediated by HDAC class II",0,0,0,0,0,0,0
"bioplanet_492_Signaling events mediated by hepatocyte growth factor receptor (c-Met)",0,0,0,0,0,0,0
"bioplanet_493_Signaling events mediated by PTP1B",0,0,0,0,0,0,0
"bioplanet_495_Signaling events regulated by Ret tyrosine kinase",0,0,0,0,0,0,0
"bioplanet_496_Signaling events mediated by T cell protein tyrosine phosphatase (TC-PTP)",0,0,0,0,0,0,0
"bioplanet_497_Signaling events mediated by HDAC class I",0,0,0,0,0,0,0
"bioplanet_498_Signaling events mediated by the hedgehog family",0,0,0,0,0,0,0
"bioplanet_499_Signaling events mediated by stem cell factor receptor (c-Kit)",0,0,0,0,0,0,0
"bioplanet_49_4-1BB-dependent immune response",0,0,0,0,0,0,0
"bioplanet_4_Cell to cell adhesion signaling",0,0,0,0,0,0,0
"bioplanet_500_Signaling events mediated by VEGFR1 and VEGFR2",0,0,0,0,0.289473365907494,0,0
"bioplanet_501_Signaling events mediated by focal adhesion kinase",0,0,0,0,0,0,0
"bioplanet_503_Signal amplification",0,0,0,0,0,0,0
"bioplanet_504_Signal attenuation",0,0,0,0,0,0,0
"bioplanet_505_Signal regulatory protein (SIRP) family interactions",0,0,0,0,0,0,0
"bioplanet_506_Signal transduction by L1",0,0,0,0,0,0,0
"bioplanet_507_Signaling by bone morphogenetic protein (BMP)",0,0,0,0,0,0,0
"bioplanet_508_Signaling by EGFR in cancer",0,0,0,0,0,0,0
"bioplanet_509_Signaling by ERBB2",0,0,0,0,0,0,0
"bioplanet_50_Lck and Fyn tyrosine kinases in initiation of T cell receptor activation",0,0,0,0,0,0,0
"bioplanet_510_Signaling by ERBB4",0,0,0,0,0,0,0
"bioplanet_511_Signaling by FGFR in disease",0,0,0,0,0,0,0
"bioplanet_512_Signaling by FGFR mutants",0,0,0,0,0,0,0
"bioplanet_513_Signaling by FGFR1 fusion mutants",0,0,0,0,0,0,0
"bioplanet_514_Signaling by FGFR1 mutants",0,0,0,0,0,0,0
"bioplanet_515_Signaling by Hippo",0,0,0,0,0,0,0
"bioplanet_516_Signaling by insulin receptor",0,0,0,0,0,0,0
"bioplanet_517_Signaling by interleukins",0,0,0,0,0,0,0
"bioplanet_518_Signaling by NODAL",0,0,0,0,0,0,0
"bioplanet_519_Signaling by NOTCH",0,0,0,0,0,0,0
"bioplanet_51_T cell activation co-stimulatory signal",0,0,0,0,0,0,0
"bioplanet_520_Signaling by NOTCH1",0,0,0,0,0,0,0
"bioplanet_521_Signaling by NOTCH2",0,0,0,0,0,0,0
"bioplanet_522_Signaling by PDGF",0,0,0,0,0,0,0
"bioplanet_523_Signaling by Robo receptor",0,0,0,0,0,0,0
"bioplanet_524_Signaling by SCF-KIT",0,0,0,0,0,0,0
"bioplanet_525_Signaling by TGF-beta receptor complex",0,0,0,0,0,0,0
"bioplanet_526_Signaling by VEGF",0,0,0,0,0,0,0
"bioplanet_527_Signaling by activated point mutants of FGFR1",0,0,0,0,0,0,0
"bioplanet_528_Signaling by constitutively active EGFR",0,0,0,0,0,0,0
"bioplanet_529_Signaling by the B cell receptor (BCR)",0,0,0,0,0,0,0.809090804535772
"bioplanet_52_Chromatin remodeling by hSWI/SNF ATP-dependent complexes",0,0,0,0,0,0,0
"bioplanet_530_Signaling by NGF",0,0,0,0,0,0,0.289473365907494
"bioplanet_531_Signaling to ERKs",0,0,0,0,0,0,0
"bioplanet_533_Signaling to p38 via RIT and RIN",0,0,0,0,0,0,0
"bioplanet_534_Signal transduction",0,0,0,0,0,0,0
"bioplanet_535_Signaling by GPCR",0,0,0,0,0,0,0
"bioplanet_536_Signal transduction of S1P receptor",0,0,0,0,0,0,0
"bioplanet_537_Inhibitor of DNA binding (ID) signaling pathway",0,0,0,0,0,0,0
"bioplanet_538_T cell receptor signaling in naive CD4+ T cells",0,0,0,0,0,0,0
"bioplanet_539_T cell receptor signaling in naive CD8+ T cells",0,0,0,0,0,0,0
"bioplanet_540_FGF signaling pathway",0,0,0,0,0,0,0
"bioplanet_541_ADP signalling through P2Y purinoceptor 1",0,0,0,0,0,0,0
"bioplanet_542_ADP signalling through P2Y purinoceptor 12",0,0,0,0,0,0,0
"bioplanet_544_NGF signaling via TRKA from the plasma membrane",0,0,0,0,0,0,0
"bioplanet_545_BMP signaling pathway in stem cells",0,0,0,0,0,0,0
"bioplanet_547_Fas signaling pathway",0,0,0,0,0,0,0
"bioplanet_548_Fas signaling pathway in cardiomyocytes",0,0,0,0,0,0,0
"bioplanet_549_BMP signaling and regulation",0,0,0,0,0,0,0
"bioplanet_54_TACI and BCMA stimulation of B cell immune responses",0,0,0,0,0,0,0
"bioplanet_550_TOR signaling",0,0,0,0,0,0,0
"bioplanet_551_Thyroid-stimulating hormone signaling pathway",0,0,0,0,0,0,0
"bioplanet_552_FSH signaling pathway",0,0,0,0,0,0,0
"bioplanet_553_Wnt signaling pathway and pluripotency",0,0,0,0,0,0,0
"bioplanet_554_G13 signaling pathway",0,0,0,0,0,0,0
"bioplanet_556_RhoA signaling pathway",0,0,0,0,0,0,0
"bioplanet_557_Arf6 signal transduction regulation",0,0,0,0,0,0,0
"bioplanet_558_LKB1 signaling events",0,0,0,0,0,0,0
"bioplanet_559_SHP2 signaling",0,0,0,0,0,0,0
"bioplanet_55_Th1/Th2 differentiation pathway",0,0,0,0,0,0,0
"bioplanet_560_Tie2 signaling",0,0,0,0,0,0,0
"bioplanet_561_GAB1 signalosome",0,0,0,0,0,0,0
"bioplanet_562_NCAM signaling for neurite out-growth",0,0,0,0,0,0,0
"bioplanet_563_Cell death signaling by NRIF in the nucleus",0,0,0,0.289473365907494,0,0,0
"bioplanet_564_PD-1 signaling",0,0,0,0,0,0,0
"bioplanet_565_Rap1 signaling",0,0,0,0,0,0,0
"bioplanet_566_S6K1 signaling",0,0,0,0,0,0,0
"bioplanet_568_AMPK signaling",0,0,0,0,0,0,0
"bioplanet_56_Tob role in T-cell activation",0,0,0,0,0,0,0
"bioplanet_570_Interleukin-7 signaling pathway",0,0,0,0,0,0,0
"bioplanet_571_Interleukin-9 signaling pathway",0,0,0,0,0,0,0
"bioplanet_572_Interleukin-3 signaling pathway",0,0,0,0,0,0,0
"bioplanet_576_ERBB4 signaling events",0,0,0,0,0,0,0
"bioplanet_577_TRAIL signaling pathway",0,0,0,0,0,0,0
"bioplanet_578_CDC42 signaling events",0,0,0,0,0,0,0
"bioplanet_579_BARD1 signaling events",0,0,0,0,0,0,0
"bioplanet_57_ADP-ribosylation factor",0,0,0,0,0,0,0
"bioplanet_580_SREBP signaling",0,0,0,0,0,0,0
"bioplanet_581_TWEAK signaling pathway",0,0,0,0,0,0,0
"bioplanet_582_Visual signal transduction: cones",0,0,0,0,0,0,0
"bioplanet_583_Visual signal transduction: rods",0,0,0,0,0,0,0
"bioplanet_584_p75 neurotrophin receptor signaling via NF-kB",0,0,0,0,0,0,0
"bioplanet_586_Opioid signaling",0,0,0,0,0,0,0
"bioplanet_587_T cell signal transduction",0,0,0,0,0,0,0
"bioplanet_588_Leptin signaling pathway",0,0,0,0,0,0,0
"bioplanet_589_Nef-induced signal transduction",0,0,0,0,0,0,0
"bioplanet_58_Protein kinase A (PKA) at the centrosome",0,0,0,0,0,0,0
"bioplanet_590_Nuclear signaling by ErbB4",0,0,0,0,0,0,0
"bioplanet_592_Aurora B signaling",0,0,0,0,0,0,0
"bioplanet_593_PI3K/AKT signalling",0,0,0,0,0,0,0
"bioplanet_594_Thrombin signaling through protease-activated receptors",0,0,0,0,0,0,0
"bioplanet_596_Immune system signaling by interferons, interleukins, prolactin, and growth hormones",0,1.13046484305991,0.979643373684674,0.979643373684674,3.14210892412001,3.14210892412001,1.13046484305991
"bioplanet_597_Glucagon signaling in metabolic regulation",0,0,0,0,0,0,0
"bioplanet_598_Netrin-1 signaling",0,0,0,0,0,0,0
"bioplanet_599_TGF-beta signaling in gastrointestinal stem cells",0,0,0,0,0,0,0
"bioplanet_59_BTG family proteins and cell cycle regulation",0,0,0,0,0,0,0
"bioplanet_5_Collagen binding in corneal epithelia mediated by Erk and PI-3 Kinase",0,0,0,0,0,0,0
"bioplanet_600_TGF-beta signaling in development",0,0,0,0,0,0,0
"bioplanet_601_Epstein-Barr virus LMP1 signaling",0,0,0,0,0,0,0
"bioplanet_602_EGF/EGFR signaling pathway",0,0,0,0,0,0,0
"bioplanet_603_Plexin D1 signaling",0,0,0,0,0,0,0
"bioplanet_604_TNF-alpha signaling pathway",0,0,0,0,0,0,0
"bioplanet_605_G-protein signaling pathways",0,0,0,0,0,0,0
"bioplanet_606_CD40/CD40L signaling",0,0,0,0,0,0,0
"bioplanet_608_PDGFB signaling pathway",0,0,0,0,0,0,0
"bioplanet_609_N-cadherin signaling events",0,0,0,0,0,0,0
"bioplanet_60_Cdc25 and Chk1 regulatory pathway in response to DNA damage",0,0,0,0,0,0,0
"bioplanet_610_Downstream signaling events Of B cell receptor (BCR)",0,0,0,0,0,0,0
"bioplanet_611_Interferon signaling",0,1.75167673354328,0,0.979643373684674,2.17755921709215,3.41728145094558,1.13046484305991
"bioplanet_613_Osteoclast signaling",0,0,0,0,0,0,0
"bioplanet_614_RANKL signaling pathway",0,0,0,0,0,0,0
"bioplanet_615_Osteoblast signaling",0,0,0,0,0,0,0
"bioplanet_616_FoxO family signaling",0,0,0,0,0,0,0
"bioplanet_617_ERBB2/ERBB3 signaling events",0,0,0,0,0,0,0
"bioplanet_61_Control of cell cycle and breast tumor growth by estrogen-responsive protein Efp",0,0,0,0,0,0,0
"bioplanet_620_G alpha (i) signaling events",0,0,0,0,0,0,0
"bioplanet_621_G alpha (s) signaling events",0,0,0,0,0,0,0
"bioplanet_622_G alpha (z) signaling events",0,0,0,0,0,0,0
"bioplanet_623_Osteopontin signaling",0,0,0,0,0,0,0
"bioplanet_624_Interleukin-4 signaling pathway",0,0,0,0,0,0,0
"bioplanet_628_BMP receptor signaling",0,0,0,0,0,0,0
"bioplanet_629_Interleukin-6 signaling pathway",0,0,0,0,0,0,0
"bioplanet_62_Cell cycle: G1/S checkpoint",0,0,0,0,0,0,0
"bioplanet_630_G beta-gamma signaling through PI3K gamma",0,0,0,0,0,0,0
"bioplanet_631_Gastrin-CREB signaling pathway via PKC and MAPK",0,0,0,0,0,0,0
"bioplanet_633_EPO receptor signaling",0,0,0,0,0,0,0
"bioplanet_634_Interleukin-27-mediated signaling events",0,0,0,0,0,0,0
"bioplanet_635_Interleukin-12-mediated signaling events",0,0,0,0,0.809090804535772,0,0.809090804535772
"bioplanet_636_LPA4-mediated signaling events",0,0,0,0,0,0,0
"bioplanet_637_Alpha-M beta-2 integrin signaling",0,0,0,0,0,0,0
"bioplanet_638_Interleukin-23-mediated signaling events",0,0,0,0,0,0,0
"bioplanet_63_Cell cycle: G2/M checkpoint",0,0,0,0,0,0,0
"bioplanet_640_Alpha-4 beta-7 integrin signaling",0,0,0,0,0,0,0
"bioplanet_641_PDGF genes and receptors",0,0,0,0,0,0,0
"bioplanet_647_NODAL signaling regulation",0,0,0,0,0,0,0
"bioplanet_648_CBL signaling regulation",0,0,0,0,0,0,0
"bioplanet_649_GM-CSF-mediated signaling events",0,0,0,0,0,0,0.809090804535772
"bioplanet_64_CDK regulation of DNA replication",0,0,0,0,0,0,0
"bioplanet_650_CXCR4 signaling pathway",0,0,0,0,0,0,0
"bioplanet_651_Endogenous Toll-like receptor signaling",0,0,0,0,0,0,0
"bioplanet_652_T cell receptor downstream signaling",0,0,0,0,0,0,0
"bioplanet_653_IGF1 receptor signaling through beta-arrestin",0,0,0,0,0,0,0
"bioplanet_654_Alpha-6 beta-4 integrin signaling pathway",0,0,0,0,0,0,0
"bioplanet_655_Netrin-mediated signaling events",0,0,0,0,0,0,0
"bioplanet_656_Alpha-synuclein signaling",0,0,0,0,0,0,0
"bioplanet_658_Mammalian target of rapamycin complex 1 (mTORC1)-mediated signaling",0,0,0,0,0,0,0
"bioplanet_659_CRMPs in Sema3A signaling",0,0,0,0,0,0,0
"bioplanet_65_Ran role in mitotic spindle regulation",0,0,0,0,0,0,0
"bioplanet_660_Death receptor signaling",0,0,0,0,0,0,0
"bioplanet_661_G alpha (12/13) signaling events",0,0,0,0,0,0,0
"bioplanet_663_CTLA4 inhibitory signaling",0,0,0,0,0,0,0
"bioplanet_664_Interferon-gamma signaling pathway",0,0,0,0,0.602227978404103,2.2789946200632,0
"bioplanet_666_p75 neurotrophin receptor-mediated signaling",0,0,0,0,0,0,0
"bioplanet_668_TGF-beta receptor activation of SMADs",0,0,0,0,0,0,0
"bioplanet_669_TGF-beta receptor signaling in EMT (epithelial to mesenchymal transition)",0,0,0,0,0,0,0
"bioplanet_66_Telomeres, telomerase, cellular aging, and immortality",0,0,0,0,0,0,0
"bioplanet_670_KIT signaling regulation",0,0,0,0,0,0,0
"bioplanet_672_Prolactin receptor signaling pathway",0,0,0,0,0,0,0
"bioplanet_673_Interferon alpha signaling regulation",0,0,0,0,0,0,0
"bioplanet_674_Interferon gamma signaling regulation",0,0,0,0,0,0,0
"bioplanet_675_Type II interferon signaling (interferon-gamma)",0,0,0.602227978404103,1.52059648856902,1.75167673354328,2.07441944625584,1.86186576178958
"bioplanet_676_SHC1 events in EGFR signaling",0,0,0,0,0,0,0
"bioplanet_677_EGF receptor (ErbB1) signaling pathway",0,0,0,0,0,0,0
"bioplanet_678_G-protein beta-gamma signalling",0,0,0,0,0,0,0
"bioplanet_679_Glycoprotein 1b-IX-V activation signaling",0,0,0,0,0,0,0
"bioplanet_67_Stathmin and breast cancer resistance to antimicrotubule agents",0,0,0.809090804535772,0,0,0,0
"bioplanet_682_PI3K events in ERBB2 signaling",0,0,0,0,0,0,0
"bioplanet_683_Platelet activation, signaling and aggregation",0,0,0,0,0,0,0
"bioplanet_684_SHC1 events in ERBB2 signaling",0,0,0,0,0,0,0
"bioplanet_685_Sema4D in semaphorin signaling",0,0,0,0,0,0,0
"bioplanet_686_Interferon alpha/beta signaling",0,0,0.979643373684674,1.13046484305991,2.2789946200632,2.67160008001128,2.07441944625584
"bioplanet_687_Integrin-linked kinase signaling",0,0,0,0,0,0,0
"bioplanet_688_Alpha-6 beta-1 and alpha-6 beta-4 integrin signaling",0,0,0,0,0,0,0
"bioplanet_689_Integrin alpha-2b beta-3 signaling",0,0,0,0,0,0,0
"bioplanet_68_Cell cycle progression regulation by PLK3",0,0,0,0,0,0,0
"bioplanet_690_NF-kappaB activation",0,0,0,0,0,0,0
"bioplanet_691_Sprouty regulation of FGF signaling",0,0,0,0,0,0,0
"bioplanet_692_Thromboxane A2 receptor signaling",0,0,0,0,0,0,0
"bioplanet_694_CD28-dependent PI3K/Akt signaling",0,0,0,0,0,0,0
"bioplanet_695_DCC-mediated attractive signaling",0,0,0,0,0,0,0
"bioplanet_696_Downregulation of ERBB4 signaling",0,0,0,0,0,0,0
"bioplanet_698_Retrograde neurotrophin signaling",0,0,0,0,0,0,0
"bioplanet_699_Sema3A-plexin repulsion signaling by inhibiting integrin adhesion",0,0,0,0,0,0,0
"bioplanet_69_p27 phosphorylation regulation during cell cycle progression",0,0,0,0,0,0,0
"bioplanet_700_Interleukin receptor SHC signaling",0,0,0,0,0,0,0
"bioplanet_701_Abl role in Robo-Slit signaling",0,0,0,0,0,0,0
"bioplanet_702_Apoptosis modulation and signaling",0,0,0,0,0,0.289473365907494,0
"bioplanet_703_p75 neurotrophin receptor-mediated signaling",0,0,0,0,0,0,0
"bioplanet_704_Netrin mediated repulsion signals",0,0,0,0,0,0,0
"bioplanet_705_Recruitment of repair and signaling proteins to double-strand breaks",0,0,0,0,0,0,0
"bioplanet_706_Angiotensin II-stimulated signaling through G-proteins and beta-arrestin",0,0,0,0,0,0,0
"bioplanet_707_Activated NOTCH1 signaling in the nucleus",0,0,0,0,0,0,0
"bioplanet_708_PKA activation in glucagon signaling",0,0,0,0,0,0,0
"bioplanet_709_Interleukin-3, interleukin-5, and GM-CSF signaling",0,0,0,0,0,0,0
"bioplanet_70_Influence of Ras and Rho proteins on G1 to S transition",0,0,0,0,0,0,0
"bioplanet_710_Negative regulation of FGFR signaling",0,0,0,0,0,0,0
"bioplanet_711_Natural killer cell receptor signaling pathway",0,0,0,0,0,0,0
"bioplanet_713_Seven transmembrane receptor signaling through beta-arrestin",0,0,0,0,0,0,0
"bioplanet_714_Downregulation of ERBB2-ERBB3 signaling",0,0,0,0,0,0,0
"bioplanet_716_Retinoic acid receptor-mediated signaling",0,0,0,0,0,0,0
"bioplanet_717_Toll-like receptor signaling pathway regulation",0,0,0,0,0,0,0
"bioplanet_718_Plasma membrane estrogen receptor signaling",0,0,0,0,0,0,0
"bioplanet_719_GRB2-SOS provides linkage to MAPK signaling for integrins",0,0,0,0,0,0,0
"bioplanet_71_Cyclins and cell cycle regulation",0,0,0,0,0,0,0
"bioplanet_720_Negative regulators of RIG-I/MDA5 signaling",0,0,0,0,1.75167673354328,0.602227978404103,0
"bioplanet_721_Serotonin receptor 4/6/7 and NR3C signaling",0,0,0,0,0,0,0
"bioplanet_722_Calcineurin-dependent NFAT signaling role in lymphocytes",0,0,0,0,0,0,0
"bioplanet_723_Nuclear beta-catenin signaling and target gene transcription regulation",0,0,0,0,0,0,0
"bioplanet_724_Angiopoietin receptor Tie2-mediated signaling",0,0,0,0,0,0,0
"bioplanet_725_Second messenger role in netrin-1 signaling",0,0,0,0,0,0,0
"bioplanet_726_Serotonin receptor 2 and ELK-SRF/GATA4 signaling",0,0,0,0,0,0,0
"bioplanet_727_Neurotrophic factor-mediated Trk receptor signaling",0,0,0,0,0,0,0
"bioplanet_728_Advanced glycosylation endproduct receptor signaling",0,0,0,0,0,0,0
"bioplanet_729_TRAF6-mediated IRF7 activation in TLR7/8 or 9 signaling",0,0,0,0,0,0,0
"bioplanet_72_Sonic Hedgehog (SHH) receptor PTCH1 regulation of cell cycle",0,0,0,0,0,0,0
"bioplanet_730_G-protein-independent seven transmembrane receptor signaling",0,0,0,0,0,0,0
"bioplanet_731_Urokinase-type plasminogen activator (uPA) and uPAR-mediated signaling",0,0,0,0,0,0,0
"bioplanet_732_Nucleotide-binding domain, leucine rich repeat containing receptor (NLR) signaling pathways",0,0,0,0,0,0,0
"bioplanet_733_Bile acids and bile salt biosynthesis",0,0,0,0,0,0,0
"bioplanet_734_Nucleotide di- and triphosphate biosynthesis and interconversion",0,0,0,0,0,0,0
"bioplanet_736_Phosphatidic acid biosynthesis",0,0,0,0,0,0,0
"bioplanet_737_Phosphatidylcholine biosynthesis",0,0,0,0,0,0,0
"bioplanet_738_Phosphatidylethanolamine biosynthesis",0,0,0,0,0,0,0
"bioplanet_739_Phosphatidylglycerol biosynthesis",0,0,0,0,0,0,0
"bioplanet_73_Splicing regulation through Sam68",0,0,0,0,0,0,0
"bioplanet_741_PIP biosynthesis at the Golgi membrane",0,0,0,0,0,0,0
"bioplanet_742_PIP biosynthesis at the early endosome membrane",0,0,0,0,0,0,0
"bioplanet_743_PIP biosynthesis at the late endosome membrane",0,0,0,0,0,0,0
"bioplanet_744_PIP biosynthesis at the plasma membrane",0,0,0,0,0,0,0
"bioplanet_746_Bile acid and bile salt biosynthesis via 24-hydroxycholesterol",0,0,0,0,0,0,0
"bioplanet_748_Bile acid and bile salt biosynthesis via 7-alpha-hydroxycholesterol",0,0,0,0,0,0,0
"bioplanet_74_Tumor suppressor Arf inhibits ribosomal biogenesis",0,0,0,0,0,0,0
"bioplanet_750_Glycosylphosphatidylinositol (GPI) biosynthesis",0,0,0,0,0,0,0
"bioplanet_751_N-glycan precursor substrate biosynthesis",0,0,0,0,0,0,0
"bioplanet_752_Ghrelin biosynthesis, secretion, and deacylation",0,0,0,0,0,0,0
"bioplanet_753_Glucose-dependent insulinotropic polypeptide (GIP) biosynthesis, secretion, and inactivation",0,0,0,0,0,0,0
"bioplanet_754_Biosynthesis of the N-glycan precursor (dolichol lipid-linked oligosaccharide, LLO) and transfer to a nascent protein",0,0,0,0,0,0,0
"bioplanet_755_GABA biosynthesis, release, reuptake and degradation",0,0,0,0,0,0,0
"bioplanet_756_Insulin biosynthesis and processing",0,0,0,0,0,0,0
"bioplanet_757_Heme biosynthesis",0,0,0,0,0,0,0
"bioplanet_758_Glycogen biosynthesis",0,0,0,0,0,0,0
"bioplanet_75_MAL role in Rho-mediated activation of SRF",0,0,0,0,0,0,0
"bioplanet_760_Incretin biosynthesis, secretion, and inactivation",0,0,0,0,0,0,0
"bioplanet_763_Heparan sulfate/heparin glycosaminoglycan (HS-GAG) biosynthesis",0,0,0,0,0,0,0
"bioplanet_764_Vitamin D biosynthesis",0,0,0,0,0,0,0
"bioplanet_765_Amino acid biosynthesis and interconversion (transamination)",0,0,0,0,0,0,0
"bioplanet_766_Lagging strand processive biosynthesis",0,0,0,0,0,0,0
"bioplanet_767_Eicosanoid biosynthesis",0,0,0,0,0,0,0
"bioplanet_768_Androgen biosynthesis",0,0,0,0,0,0,0
"bioplanet_769_Collagen biosynthesis and modifying enzymes",0,0,0,0,0,0,0
"bioplanet_76_Attenuation of GPCR signaling",0,0,0,0,0,0,0
"bioplanet_770_Glutathione biosynthesis and recycling",0,0,0,0,0,0,0
"bioplanet_774_Pyrimidine biosynthesis",0,0,0,0,0,0,0
"bioplanet_776_Prostaglandin biosynthesis and regulation",0,0,0,0,0,0,0
"bioplanet_777_Cholesterol biosynthesis",0,0,0,0,0,0,0
"bioplanet_778_Leading strand biosynthesis",0,0,0,0,0,0,0
"bioplanet_77_Stress fiber formation mediated by Rho-selective guanine exchange factor AKAP13",0,0,0,0,0,0,0
"bioplanet_780_Biogenic amine biosynthesis",0,0,0,0,0,0,0
"bioplanet_781_Triglyceride biosynthesis",0,0,0,0,0,0,0
"bioplanet_784_Triacylglyceride biosynthesis",0,0,0,0,0,0,0
"bioplanet_785_Fatty acyl-CoA biosynthesis",0,0,0,0,0,0,0
"bioplanet_788_Viral messenger RNA biosynthesis",0,0,0,0,0,0,0
"bioplanet_789_Dermatan sulfate biosynthesis",0,0,0,0,0,0,0
"bioplanet_78_Beta-arrestins in GPCR desensitization",0,0,0,0,0,0,0
"bioplanet_791_Chondroitin sulfate biosynthesis",0,0,0,0,0,0,0
"bioplanet_792_Gap-filling DNA repair biosynthesis and ligation in global genomic nucleotide excision repair",0,0,0,0,0,0,0
"bioplanet_793_Glycerophospholipid biosynthesis",0,0,0,0,0,0,0
"bioplanet_794_Molybdenum cofactor biosynthesis",0,0,0,0,0,0,0
"bioplanet_795_Sphingolipid de novo biosynthesis",0,0,0,0,0,0,0
"bioplanet_796_Tetrahydrobiopterin (BH4) biosynthesis, recycling, salvage and regulation",0,0,0,0,0,0,0
"bioplanet_798_Termination of O-glycan biosynthesis",0,0,0,0,0,0,0
"bioplanet_79_Beta-arrestin-dependent recruitment of Src kinases in GPCR signaling",0,0,0,0,0,0,0
"bioplanet_7_Mammalian calpain regulation of cell motility",0,0,0,0,0,0,0
"bioplanet_800_Post-translational modification: biosynthesis of GPI-anchored proteins",0,0,0,0,0,0,0
"bioplanet_801_Respiratory electron transport, ATP biosynthesis by chemiosmotic coupling, and heat production by uncoupling proteins",0,0,0,0,0,0,0
"bioplanet_802_Purine ribonucleoside monophosphate biosynthesis",0,0,0,0,0,0,0
"bioplanet_804_Tetrasaccharide linker sequence formation in glycosaminoglycan biosynthesis",0,0,0,0,0,0,0
"bioplanet_805_Association of TriC/CCT with target proteins during biosynthesis",0,0,0,0,0,0,0
"bioplanet_807_Amino acid metabolism",0,0,0,0,0,0,0
"bioplanet_808_Carbohydrate metabolism",0,0,0,0,0,0,0
"bioplanet_809_Folate and pterine metabolism",0,0,0,0,0,0,0
"bioplanet_80_Calcium/calmodulin-dependent protein kinase activation",0,0,0,0,0,0,0
"bioplanet_810_Lipid and lipoprotein metabolism",0,0,0,0,0,0,0
"bioplanet_811_Nitric oxide metabolism",0,0,0,0,0,0,0
"bioplanet_812_Non-coding RNA metabolism",0,0,0,0,0,0,0
"bioplanet_813_Nucleotide metabolism",0,0,0,0,0,0,0
"bioplanet_814_Polyamine metabolism",0,0,0,0,0,0,0
"bioplanet_815_Porphyrin metabolism",0,0,0,0,0,0,0
"bioplanet_817_Steroid hormone, vitamin A, and vitamin D metabolism",0,0,0,0,0,0,0
"bioplanet_818_Metabolism of vitamins and cofactors",0,0,0,0,0,0,0
"bioplanet_81_CBL-mediated ligand-induced downregulation of EGF receptors",0,0,0,0,0,0,0
"bioplanet_820_Phosphatidylinositol metabolism",0,0,0,0,0,0,0
"bioplanet_821_Iron metabolism in placenta",0,0,0,0,0,0,0
"bioplanet_822_Energy metabolism",0,0,0,0,0,0,0
"bioplanet_823_Folate metabolism",0,0,0,0,0,0,0
"bioplanet_824_Glucose metabolism",0,0,0,0,0,0,0
"bioplanet_826_Creatine metabolism",0,0,0,0,0,0,0
"bioplanet_829_Pyruvate metabolism and citric acid (TCA) cycle",0,0,0,0,0,0,0
"bioplanet_82_Cystic fibrosis transmembrane conductance regulator (CFTR) and beta 2 adrenergic receptor (b2AR) pathway",0,0,0,0,0,0,0
"bioplanet_831_Selenium metabolism and selenoproteins",0,0,0,0,0,0,0
"bioplanet_832_Glycogen metabolism",0,0,0,0,0,0,0
"bioplanet_833_Estrogen metabolism",0,0,0,0,0,0,0
"bioplanet_834_Tamoxifen metabolism",0,0,0,0,0,0,0
"bioplanet_838_Hyaluronan metabolism",0,0,0,0,0,0,0
"bioplanet_839_Nicotinate metabolism",0,0,0,0,0,0,0
"bioplanet_83_MAP kinase pathway regulation through dual specificity phosphatases",0,0,0,0,0,0,0
"bioplanet_840_One-carbon metabolism",0,0,0,0,0,0,0
"bioplanet_843_Lipoprotein metabolism",0,0,0,0,0,0,0
"bioplanet_844_Vitamin B12 metabolism",0,0,0,0,0,0,0
"bioplanet_845_Phospholipid metabolism",0,0,0,0,0,0,0
"bioplanet_847_Urea cycle and metabolism of amino groups",0,0,0,0,0,0,0
"bioplanet_848_Benzo(a)pyrene metabolism",0,0,0,0,0,0,0
"bioplanet_849_Sulfur amino acid metabolism",0,0,0,0,0,0,0
"bioplanet_84_Support of platelet aggregation by Eph kinases and ephrins",0,0,0,0,0,0,0
"bioplanet_850_Glycosaminoglycan metabolism",0,0,0,0,0,0,0
"bioplanet_851_Glycosphingolipid metabolism",0,0,0,0,0,0,0
"bioplanet_852_Peroxisomal lipid metabolism",0,0,0,0,0,0,0
"bioplanet_853_Lipid metabolism regulation by peroxisome proliferator-activated receptor alpha (PPAR-alpha)",0,0,0,0,0,0,0
"bioplanet_855_Ganglio sphingolipid metabolism",0,0,0,0,0,0,0
"bioplanet_857_Vitamin C (ascorbate) metabolism",0,0,0,0,0,0,0
"bioplanet_858_Integration of energy metabolism",0,0,0,0,0,0,0
"bioplanet_859_Alanine and aspartate metabolism",0,0,0,0,0,0,0
"bioplanet_861_Abacavir transport and metabolism",0,0,0,0,0,0,0
"bioplanet_863_Bile acid and bile salt metabolism",0,0,0,0,0,0,0
"bioplanet_864_Keratan sulfate/keratin metabolism",0,0,0,0,0,0,0
"bioplanet_865_Vitamin A and carotenoid metabolism",0,0,0,0,0,0,0
"bioplanet_866_Vitamin B5 (pantothenate) metabolism",0,0,0,0,0,0,0
"bioplanet_867_Heparan sulfate/heparin glycosaminoglycan (HS-GAG) metabolism",0,0,0,0,0,0,0
"bioplanet_869_Chondroitin sulfate/dermatan sulfate metabolism",0,0,0,0,0,0,0
"bioplanet_871_Fatty acid, triacylglycerol, and ketone body metabolism",0,0,0,0,0,0,0
"bioplanet_872_Alpha-linolenic (omega3) and linoleic (omega6) acid metabolism",0,0,0,0,0,0,0
"bioplanet_873_Degradation of beta-catenin by the destruction complex",0,0,0,0,0,0,0
"bioplanet_874_Degradation of cysteine and homocysteine",0,0,0,0,0,0,0
"bioplanet_875_Autodegradation of Cdh1 by Cdh1-APC/C",0,0,0,0,0,0,0
"bioplanet_877_Chondroitin sulfate/dermatan sulfate degradation",0,0,0,0,0,0,0
"bioplanet_878_Heparan sulfate/heparin glycosaminoglycan (HS-GAG) degradation",0,0,0,0,0,0,0
"bioplanet_879_Proteasome degradation",0,0,0,0,0,0,0
"bioplanet_87_Corticosteroids and cardioprotection",0,0,0,0,0,0,0
"bioplanet_880_Gap junction degradation",0,0,0,0,0,0,0
"bioplanet_881_APC/C-mediated degradation of cell cycle proteins",0,0,0,0,0,0,0
"bioplanet_882_Keratan sulfate degradation",0,0,0,0,0,0,0
"bioplanet_883_Ubiquitin-mediated degradation of phosphorylated Cdc25A",0,0,0,0,0,0,0
"bioplanet_884_APC/C- and Cdc20-mediated degradation of Nek2A",0,0,0,0,0,0,0
"bioplanet_885_Cell-cell communication",0,0,0,0,0,0,0
"bioplanet_886_EGFR downregulation",0,0,0,0,0,0,0
"bioplanet_887_Interleukin-1 processing",0,0,0,0,0,0,0
"bioplanet_888_Regulation of transcription by NOTCH1 intracellular domain",0,0,0,0,0,0,0
"bioplanet_889_Rho GTPase cycle",0,0,0,0,0,0,0
"bioplanet_88_Growth hormone receptor signaling",0,0,0,0,0,0,0
"bioplanet_890_Axon guidance",0,0,0,0,0,0,0
"bioplanet_891_Inactivation of Cdc42 and Rac",0,0,0,0,0,0,0
"bioplanet_892_Activation of Rac",0,0,0,0,0,0,0
"bioplanet_894_Adaptive immune system",0,1.13046484305991,0,0.289473365907494,0.979643373684674,0,1.13046484305991
"bioplanet_898_Generation of second messenger molecules",0,0,0,0,0,0,0
"bioplanet_89_Inhibition of cellular proliferation by Gleevec",0,0,0,0,0,0,0.289473365907494
"bioplanet_8_PI3K subunit p85 role in regulation of actin organization and cell migration",0,0,0,0,0,0,0
"bioplanet_900_NCAM1 interactions",0,0,0,0,0,0,0
"bioplanet_901_Costimulation by the CD28 family",0,0,0,0,0,0,0
"bioplanet_902_PKB-mediated events",0,0,0,0,0,0,0
"bioplanet_903_DARPP-32 events",0,0,0,0,0,0,0
"bioplanet_904_G-protein activation",0,0,0,0,0,0,0
"bioplanet_907_Activation of NF-kappaB in B cells",0,0,0,0,0,0,0
"bioplanet_909_EGFR interaction with phospholipase C-gamma",0,0,0,0,0,0,0
"bioplanet_90_ERBB2 role in signal transduction and oncology",0,0,0,0,0,0,0
"bioplanet_910_Phospholipase C-mediated cascade",0,0,0,0,0,0,0
"bioplanet_911_EGFR transactivation by gastrin",0,0,0,0,0,0,0
"bioplanet_912_SHC-related events",0,0,0,0,0,0,0
"bioplanet_913_eIF4E release",0,0,0,0,0,0,0
"bioplanet_914_AKT phosphorylation of cytosolic targets",0,0,0,0,0,0,0
"bioplanet_915_AKT phosphorylation of nuclear targets",0,0,0,0,0,0,0
"bioplanet_916_Negative regulation of the PI3K/Akt network",0,0,0,0,0,0,0
"bioplanet_917_PI3K cascade",0,0,0,0,0,0,0
"bioplanet_918_PI3K/AKT activation",0,0,0,0,0,0,0
"bioplanet_919_Glycoprotein VI-mediated activation cascade",0,0,0,0,0,0,0
"bioplanet_91_Skeletal muscle hypertrophy is regulated via AKT/mTOR pathway",0,0,0,0,0,0,0
"bioplanet_920_Sema4D-mediated inhibition of cell attachment and migration",0,0,0,0,0,0,0
"bioplanet_921_CD28 co-stimulation",0,0,0,0,0,0,0
"bioplanet_922_Platelet aggregation (plug formation)",0,0,0,0,0,0,0
"bioplanet_923_Semaphorin interactions",0,0,0,0,0,0,0
"bioplanet_924_TRAF6-mediated induction of TAK1 complex",0,0,0,0,0,0,0
"bioplanet_925_IKK complex recruitment mediated by RIP1",0,0,0,0,0,0,0
"bioplanet_926_Activation of IRF3/IRF7 mediated by TBK1/IKK epsilon",0,0,0,0,0,0,0
"bioplanet_928_Regulated proteolysis of p75 neurotrophin receptor",0,0,0,0,0,0,0
"bioplanet_929_Innate immune system",0,0,0,0,0.602227978404103,2.07441944625584,1.63817112086772
"bioplanet_930_Reversible hydration of carbon dioxide",0,0,0,0,0,0,0
"bioplanet_931_Tryptophan catabolism",0,0,0,0,0,0,0
"bioplanet_932_Urea cycle",0,0,0,0,0,0,0
"bioplanet_933_Branched-chain amino acid catabolism",0,0,0,0,0,0,0
"bioplanet_935_Lysine catabolism",0,0,0,0,0,0,0
"bioplanet_936_Phenylalanine and tyrosine catabolism",0,0,0,0,0,0,0
"bioplanet_93_Reversal of insulin resistance by leptin",0,0,0,0,0,0,0
"bioplanet_940_Methionine salvage pathway",0,0,0,0,0,0,0
"bioplanet_941_Mitochondrial protein import",0,0,0,0,0,0,0
"bioplanet_942_Purine catabolism",0,0,0,0,0,0,0
"bioplanet_943_Purine salvage",0,0,0,0,0,0,0
"bioplanet_944_Glycogen breakdown (glycogenolysis)",0,0,0,0,0,0,0
"bioplanet_945_Pyruvate dehydrogenase (PDH) complex regulation",0,0,0,0,0,0,0
"bioplanet_948_Pyrimidine catabolism",0,0,0,0,0,0,0
"bioplanet_949_Pyrimidine salvage reactions",0,0,0,0,0,0,0
"bioplanet_94_MAP kinase signaling pathway",0,0,0,0,0,0,0
"bioplanet_951_Chylomicron-mediated lipid transport",0,0,0,0,0,0,0
"bioplanet_952_HDL-mediated lipid transport",0,0,0,0,0,0,0
"bioplanet_954_Gluconeogenesis",0,0,0,0,0,0,0
"bioplanet_955_Glycolysis",0,0,0,0,0,0,0
"bioplanet_956_Beta-oxidation of pristanoyl-CoA",0,0,0,0,0,0,0
"bioplanet_957_Beta-oxidation of very long chain fatty acids",0,0,0,0,0,0,0
"bioplanet_95_Nitric oxide signaling pathway",0,0,0,0,0,0,0
"bioplanet_960_ChREBP activates metabolic gene expression",0,0,0,0,0,0,0
"bioplanet_962_PP2A-mediated dephosphorylation of key metabolic factors",0,0,0,0,0,0,0
"bioplanet_965_Import of palmitoyl-CoA into the mitochondrial matrix",0,0,0,0,0,0,0
"bioplanet_968_Acyl chain remodeling of cardiolipin",0,0,0,0,0,0,0
"bioplanet_970_Acyl chain remodelling of phosphatidylcholine",0,0,0,0,0,0,0
"bioplanet_971_Acyl chain remodelling of phosphatidylglycerol",0,0,0,0,0,0,0
"bioplanet_972_Acyl chain remodelling of phosphatidylinositol",0,0,0,0,0,0,0
"bioplanet_973_Acyl chain remodelling of phosphatidylserine",0,0,0,0,0,0,0
"bioplanet_974_Amine-derived hormones",0,0,0,0,0,0,0
"bioplanet_975_O-linked glycosylation of mucins",0,0,0,0,0,0,0
"bioplanet_976_Integrated cancer pathway",0,0,0,0,0,0,0
"bioplanet_977_Integrated breast cancer pathway",0,0,0,0,0,0,0
"bioplanet_979_BRCA1, BRCA2 and ATR roles in cancer susceptibility",0,0,0,0,0,0,0
"bioplanet_97_PELP1 modulation of estrogen receptor activity",0,0,0,0,0,0,0
"bioplanet_980_Amyloids",0,0,0,0,0,0,0
"bioplanet_982_Nef in HIV-1 replication and disease pathogenesis",0,0,0,0.809090804535772,0,0,0
"bioplanet_983_HIV infection",0,0,0,0,0,0,1.2686309483204
"bioplanet_984_Latent infection of Homo sapiens with Mycobacterium tuberculosis",0,0,0,0,0,0,0
"bioplanet_987_Hypothetical network for drug addiction",0,0,0,0,0,0,0
"bioplanet_988_Gap junction trafficking and regulation",0,0,0,0,0,0,0
"bioplanet_989_Gap junction assembly",0,0,0,0,0,0,0
"bioplanet_98_Activation of PKC through G-protein coupled receptors",0,0,0,0,0,0,0
"bioplanet_990_Cell junction organization",0,0,0,0,0,0,0
"bioplanet_991_Tight junction interactions",0,0,0,0,0,0,0
"bioplanet_992_Adherens junction actin cytoskeletal organization",0,0,0,0,0,0,0
"bioplanet_995_Type I hemidesmosome assembly",0,0,0,0,0,0,0
"bioplanet_996_Post-translational regulation of adherens junction stability and disassembly",0,0,0,0,0,0,0
"bioplanet_999_Nectin adhesion pathway",0,0,0,0,0,0,0
"bioplanet_9_Rho cell motility signaling pathway",0,0,0,0,0,0,0
